-- phpMyAdmin SQL Dump
-- version 5.2.1
-- https://www.phpmyadmin.net/
--
-- Host: 127.0.0.1
-- Generation Time: May 14, 2025 at 08:22 PM
-- Server version: 10.4.28-MariaDB
-- PHP Version: 8.2.4

SET SQL_MODE = "NO_AUTO_VALUE_ON_ZERO";
START TRANSACTION;
SET time_zone = "+00:00";


/*!40101 SET @OLD_CHARACTER_SET_CLIENT=@@CHARACTER_SET_CLIENT */;
/*!40101 SET @OLD_CHARACTER_SET_RESULTS=@@CHARACTER_SET_RESULTS */;
/*!40101 SET @OLD_COLLATION_CONNECTION=@@COLLATION_CONNECTION */;
/*!40101 SET NAMES utf8mb4 */;

--
-- Database: `jr_book_store`
--

-- --------------------------------------------------------

--
-- Table structure for table `attributes`
--

CREATE TABLE `attributes` (
  `id` int(10) UNSIGNED NOT NULL,
  `name` varchar(100) NOT NULL,
  `created_at` timestamp NOT NULL DEFAULT current_timestamp(),
  `updated_at` timestamp NOT NULL DEFAULT current_timestamp() ON UPDATE current_timestamp(),
  `status` tinyint(1) DEFAULT 1
) ENGINE=InnoDB DEFAULT CHARSET=utf8mb4 COLLATE=utf8mb4_unicode_ci;

--
-- Dumping data for table `attributes`
--

INSERT INTO `attributes` (`id`, `name`, `created_at`, `updated_at`, `status`) VALUES
(1, 'Color', '2025-03-12 15:18:04', '2025-03-12 15:18:04', 1),
(2, 'Size', '2025-03-12 15:18:04', '2025-03-12 15:18:04', 1),
(3, 'Material', '2025-03-12 15:18:04', '2025-03-12 15:18:04', 1),
(4, 'Pattern', '2025-03-12 15:18:04', '2025-03-12 15:18:04', 1),
(5, 'Season', '2025-03-12 15:18:04', '2025-03-12 15:18:04', 1),
(6, 'FashionStyle', '2025-03-12 15:18:04', '2025-03-12 15:18:04', 1),
(7, 'Occasion', '2025-03-12 15:18:04', '2025-03-12 15:18:04', 1),
(8, 'Brand', '2025-03-12 15:18:04', '2025-03-12 15:18:04', 1),
(9, 'Type', '2025-03-12 15:18:04', '2025-03-12 15:18:04', 1),
(10, 'AgeGroup', '2025-03-12 15:18:04', '2025-03-12 15:18:04', 1),
(11, 'Gender', '2025-03-12 15:18:04', '2025-03-12 15:18:04', 1),
(12, 'MaterialQuality', '2025-03-12 15:18:04', '2025-03-12 15:18:04', 1),
(13, 'Fabric', '2025-03-12 15:18:04', '2025-03-12 15:18:04', 1),
(14, 'Weight', '2025-03-12 15:18:04', '2025-03-12 15:18:04', 1),
(15, 'Fit', '2025-03-12 15:18:04', '2025-03-12 15:18:04', 1),
(16, 'SleeveLength', '2025-03-12 15:18:04', '2025-03-12 15:18:04', 1),
(17, 'Neckline', '2025-03-12 15:18:04', '2025-03-12 15:18:04', 1),
(18, 'Closure', '2025-03-12 15:18:04', '2025-03-12 15:18:04', 1),
(19, 'Style', '2025-03-12 15:18:04', '2025-03-12 15:18:04', 1),
(20, 'MaterialType', '2025-03-12 15:18:04', '2025-03-12 15:18:04', 1),
(21, 'Length', '2025-03-12 15:18:04', '2025-03-12 15:18:04', 1),
(22, 'HeelHeight', '2025-03-12 15:18:04', '2025-03-12 15:18:04', 1),
(23, 'ToeShape', '2025-03-12 15:18:04', '2025-03-12 15:18:04', 1),
(24, 'HeelType', '2025-03-12 15:18:04', '2025-03-12 15:18:04', 1),
(25, 'BootHeight', '2025-03-12 15:18:04', '2025-03-12 15:18:04', 1),
(26, 'Waistline', '2025-03-12 15:18:04', '2025-03-12 15:18:04', 1),
(27, 'Rise', '2025-03-12 15:18:04', '2025-03-12 15:18:04', 1),
(28, 'Wash', '2025-03-12 15:18:04', '2025-03-12 15:18:04', 1),
(29, 'Stretch', '2025-03-12 15:18:04', '2025-03-12 15:18:04', 1),
(30, 'Belt', '2025-03-12 15:18:04', '2025-03-12 15:18:04', 1),
(31, 'Collar', '2025-03-12 15:18:04', '2025-03-12 15:18:04', 1),
(32, 'Lining', '2025-03-12 15:18:04', '2025-03-12 15:18:04', 1),
(33, 'Features', '2025-03-12 15:18:04', '2025-03-12 15:18:04', 1),
(34, 'Design', '2025-03-12 15:18:04', '2025-03-12 15:18:04', 1);

-- --------------------------------------------------------

--
-- Table structure for table `attribute_values`
--

CREATE TABLE `attribute_values` (
  `id` int(10) UNSIGNED NOT NULL,
  `attribute_id` int(10) UNSIGNED NOT NULL,
  `value` varchar(100) NOT NULL,
  `created_at` timestamp NOT NULL DEFAULT current_timestamp(),
  `updated_at` timestamp NOT NULL DEFAULT current_timestamp() ON UPDATE current_timestamp()
) ENGINE=InnoDB DEFAULT CHARSET=utf8mb4 COLLATE=utf8mb4_unicode_ci;

--
-- Dumping data for table `attribute_values`
--

INSERT INTO `attribute_values` (`id`, `attribute_id`, `value`, `created_at`, `updated_at`) VALUES
(1, 1, 'Red', '2025-03-12 15:18:04', '2025-03-12 15:18:04'),
(2, 1, 'Blue', '2025-03-12 15:18:04', '2025-03-12 15:18:04'),
(3, 1, 'Green', '2025-03-12 15:18:04', '2025-03-12 15:18:04'),
(4, 1, 'Yellow', '2025-03-12 15:18:04', '2025-03-12 15:18:04'),
(5, 1, 'Black', '2025-03-12 15:18:04', '2025-03-12 15:18:04'),
(6, 2, 'Small', '2025-03-12 15:18:04', '2025-03-12 15:18:04'),
(7, 2, 'Medium', '2025-03-12 15:18:04', '2025-03-12 15:18:04'),
(8, 2, 'Large', '2025-03-12 15:18:04', '2025-03-12 15:18:04'),
(9, 2, 'X-Large', '2025-03-12 15:18:04', '2025-03-12 15:18:04'),
(10, 3, 'Cotton', '2025-03-12 15:18:04', '2025-03-12 15:18:04'),
(11, 3, 'Polyester', '2025-03-12 15:18:04', '2025-03-12 15:18:04'),
(12, 3, 'Linen', '2025-03-12 15:18:04', '2025-03-12 15:18:04'),
(13, 3, 'Wool', '2025-03-12 15:18:04', '2025-03-12 15:18:04'),
(14, 4, 'Striped', '2025-03-12 15:18:04', '2025-03-12 15:18:04'),
(15, 4, 'Checked', '2025-03-12 15:18:04', '2025-03-12 15:18:04'),
(16, 4, 'Floral', '2025-03-12 15:18:04', '2025-03-12 15:18:04'),
(17, 4, 'Printed', '2025-03-12 15:18:04', '2025-03-12 15:18:04'),
(18, 5, 'Summer', '2025-03-12 15:18:04', '2025-03-12 15:18:04'),
(19, 5, 'Winter', '2025-03-12 15:18:04', '2025-03-12 15:18:04'),
(20, 5, 'Spring', '2025-03-12 15:18:04', '2025-03-12 15:18:04'),
(21, 5, 'Fall', '2025-03-12 15:18:04', '2025-03-12 15:18:04'),
(22, 6, 'Casual', '2025-03-12 15:18:04', '2025-03-12 15:18:04'),
(23, 6, 'Dressy', '2025-03-12 15:18:04', '2025-03-12 15:18:04'),
(24, 6, 'Vintage', '2025-03-12 15:18:04', '2025-03-12 15:18:04'),
(25, 6, 'Streetwear', '2025-03-12 15:18:04', '2025-03-12 15:18:04'),
(26, 7, 'Work', '2025-03-12 15:18:04', '2025-03-12 15:18:04'),
(27, 7, 'School', '2025-03-12 15:18:04', '2025-03-12 15:18:04'),
(28, 7, 'Vacation', '2025-03-12 15:18:04', '2025-03-12 15:18:04'),
(29, 7, 'Holiday', '2025-03-12 15:18:04', '2025-03-12 15:18:04'),
(30, 8, 'Nike', '2025-03-12 15:18:04', '2025-03-12 15:18:04'),
(31, 8, 'Adidas', '2025-03-12 15:18:04', '2025-03-12 15:18:04'),
(32, 8, 'Puma', '2025-03-12 15:18:04', '2025-03-12 15:18:04'),
(33, 8, 'Reebok', '2025-03-12 15:18:04', '2025-03-12 15:18:04'),
(34, 8, 'Asics', '2025-03-12 15:18:04', '2025-03-12 15:18:04'),
(35, 9, 'Shirt', '2025-03-12 15:18:04', '2025-03-12 15:18:04'),
(36, 9, 'Pants', '2025-03-12 15:18:04', '2025-03-12 15:18:04'),
(37, 9, 'Jacket', '2025-03-12 15:18:04', '2025-03-12 15:18:04'),
(38, 9, 'Shoes', '2025-03-12 15:18:04', '2025-03-12 15:18:04'),
(39, 9, 'Accessories', '2025-03-12 15:18:04', '2025-03-12 15:18:04'),
(40, 10, 'Adult', '2025-03-12 15:18:04', '2025-03-12 15:18:04'),
(41, 10, 'Kid', '2025-03-12 15:18:04', '2025-03-12 15:18:04'),
(42, 10, 'Teenager', '2025-03-12 15:18:04', '2025-03-12 15:18:04'),
(43, 10, 'Senior', '2025-03-12 15:18:04', '2025-03-12 15:18:04'),
(44, 10, 'Infant', '2025-03-12 15:18:04', '2025-03-12 15:18:04'),
(45, 11, 'Male', '2025-03-12 15:18:04', '2025-03-12 15:18:04'),
(46, 11, 'Female', '2025-03-12 15:18:04', '2025-03-12 15:18:04'),
(47, 11, 'Unisex', '2025-03-12 15:18:04', '2025-03-12 15:18:04'),
(48, 12, 'Good', '2025-03-12 15:18:04', '2025-03-12 15:18:04'),
(49, 12, 'Average', '2025-03-12 15:18:04', '2025-03-12 15:18:04'),
(50, 12, 'Poor', '2025-03-12 15:18:04', '2025-03-12 15:18:04'),
(51, 12, 'New', '2025-03-12 15:18:04', '2025-03-12 15:18:04'),
(52, 13, 'Cotton', '2025-03-12 15:18:04', '2025-03-12 15:18:04'),
(53, 13, 'Polyester', '2025-03-12 15:18:04', '2025-03-12 15:18:04'),
(54, 13, 'Linen', '2025-03-12 15:18:04', '2025-03-12 15:18:04'),
(55, 13, 'Wool', '2025-03-12 15:18:04', '2025-03-12 15:18:04'),
(56, 14, 'Light', '2025-03-12 15:18:04', '2025-03-12 15:18:04'),
(57, 14, 'Medium', '2025-03-12 15:18:04', '2025-03-12 15:18:04'),
(58, 14, 'Heavy', '2025-03-12 15:18:04', '2025-03-12 15:18:04'),
(59, 15, 'Regular', '2025-03-12 15:18:04', '2025-03-12 15:18:04'),
(60, 15, 'Slim', '2025-03-12 15:18:04', '2025-03-12 15:18:04'),
(61, 15, 'Skinny', '2025-03-12 15:18:04', '2025-03-12 15:18:04'),
(62, 15, 'Loose', '2025-03-12 15:18:04', '2025-03-12 15:18:04'),
(63, 16, 'Short Sleeve', '2025-03-12 15:18:04', '2025-03-12 15:18:04'),
(64, 16, 'Long Sleeve', '2025-03-12 15:18:04', '2025-03-12 15:18:04'),
(65, 16, 'Sleeveless', '2025-03-12 15:18:04', '2025-03-12 15:18:04'),
(66, 17, 'V-Neck', '2025-03-12 15:18:04', '2025-03-12 15:18:04'),
(67, 17, 'Round Neck', '2025-03-12 15:18:04', '2025-03-12 15:18:04'),
(68, 17, 'Crew Neck', '2025-03-12 15:18:04', '2025-03-12 15:18:04'),
(69, 17, 'Boat Neck', '2025-03-12 15:18:04', '2025-03-12 15:18:04'),
(70, 18, 'Button', '2025-03-12 15:18:04', '2025-03-12 15:18:04'),
(71, 18, 'Zipper', '2025-03-12 15:18:04', '2025-03-12 15:18:04'),
(72, 18, 'Lace-Up', '2025-03-12 15:18:04', '2025-03-12 15:18:04'),
(73, 18, 'Slip-On', '2025-03-12 15:18:04', '2025-03-12 15:18:04'),
(74, 19, 'Casual', '2025-03-12 15:18:04', '2025-03-12 15:18:04'),
(75, 19, 'Formal', '2025-03-12 15:18:04', '2025-03-12 15:18:04'),
(76, 19, 'Sporty', '2025-03-12 15:18:04', '2025-03-12 15:18:04'),
(77, 19, 'Boho', '2025-03-12 15:18:04', '2025-03-12 15:18:04'),
(78, 21, 'Short', '2025-03-12 15:18:04', '2025-03-12 15:18:04'),
(79, 21, 'Regular', '2025-03-12 15:18:04', '2025-03-12 15:18:04'),
(80, 21, 'Long', '2025-03-12 15:18:04', '2025-03-12 15:18:04'),
(81, 32, 'Pockets', '2025-03-12 15:18:04', '2025-03-12 15:18:04'),
(82, 32, 'Hooded', '2025-03-12 15:18:04', '2025-03-12 15:18:04'),
(83, 32, 'Belted', '2025-03-12 15:18:04', '2025-03-12 15:18:04'),
(84, 32, 'Embroidered', '2025-03-12 15:18:04', '2025-03-12 15:18:04'),
(85, 33, 'Printed', '2025-03-12 15:18:04', '2025-03-12 15:18:04'),
(86, 33, 'Embroidered', '2025-03-12 15:18:04', '2025-03-12 15:18:04'),
(87, 33, 'Solid', '2025-03-12 15:18:04', '2025-03-12 15:18:04'),
(88, 33, 'Striped', '2025-03-12 15:18:04', '2025-03-12 15:18:04'),
(105, 1, 'gray', '2025-03-21 06:02:37', '2025-03-21 06:02:37'),
(131, 2, 'ear', '2025-03-22 17:29:05', '2025-03-22 17:29:05'),
(134, 4, 'adfdf', '2025-03-22 17:30:44', '2025-03-22 17:30:44'),
(135, 2, 'qqq', '2025-03-22 17:33:30', '2025-03-22 17:33:30'),
(137, 4, '44444', '2025-03-22 17:35:39', '2025-03-22 17:35:39'),
(139, 22, 'abdullah', '2025-03-22 17:37:32', '2025-03-22 17:37:32'),
(140, 22, 'niger', '2025-03-22 17:37:32', '2025-03-22 17:37:32'),
(141, 1, 'green light', '2025-03-22 17:52:04', '2025-03-22 17:52:04'),
(142, 3, 'badol', '2025-03-22 18:12:59', '2025-03-22 18:12:59'),
(147, 3, 'abdullah', '2025-03-22 18:14:09', '2025-03-22 18:14:09'),
(148, 3, 'jakir', '2025-03-22 18:14:09', '2025-03-22 18:14:09'),
(149, 5, 'Rain', '2025-03-22 18:21:21', '2025-03-22 18:21:21'),
(150, 5, 'Autumn', '2025-03-22 18:21:21', '2025-03-22 18:21:21');

-- --------------------------------------------------------

--
-- Table structure for table `authors`
--

CREATE TABLE `authors` (
  `id` int(10) UNSIGNED NOT NULL,
  `code` varchar(255) DEFAULT NULL,
  `name` varchar(255) NOT NULL,
  `biography` longtext DEFAULT NULL,
  `status` tinyint(4) DEFAULT NULL,
  `created_by` int(11) DEFAULT NULL,
  `updated_by` int(11) DEFAULT NULL,
  `created_at` timestamp NULL DEFAULT NULL,
  `updated_at` timestamp NULL DEFAULT NULL
) ENGINE=InnoDB DEFAULT CHARSET=utf8 COLLATE=utf8_unicode_ci;

--
-- Dumping data for table `authors`
--

INSERT INTO `authors` (`id`, `code`, `name`, `biography`, `status`, `created_by`, `updated_by`, `created_at`, `updated_at`) VALUES
(1, 'A01', 'রবীন্দ্রনাথ ঠাকুর', 'রবীন্দ্রনাথ ঠাকুর বাংলা সাহিত্যের সর্বকালের অন্যতম মহান কবি। তাঁর সাহিত্যকর্মে মানবাধিকার, সমাজনীতি, প্রেম ও শান্তির কথা প্রাধান্য পেয়েছে। তিনি গীতাঞ্জলি, জীবন ও সঙ্গীতের জন্য নোবেল পুরস্কার লাভ করেন।', 1, 1, 1, '2024-11-24 18:00:00', '2024-11-24 18:00:00'),
(2, 'A02', 'জাতির পিতা বঙ্গবন্ধু শেখ মুজিবুর রহমান', 'বঙ্গবন্ধু শেখ মুজিবুর রহমান বাংলাদেশের জাতির পিতা, যিনি বাংলাদেশের স্বাধীনতা সংগ্রামের নেতৃত্ব দিয়েছেন এবং 1971 সালে বাংলাদেশের স্বাধীনতা ঘোষণা করেছেন। তিনি দেশের প্রথম রাষ্ট্রপতি এবং প্রধানমন্ত্রীর পদে ছিলেন।', 1, 1, 1, '2024-11-24 18:00:00', '2024-11-24 18:00:00'),
(3, 'A03', 'হুমায়ূন আহমেদ', 'হুমায়ূন আহমেদ বাংলা সাহিত্যের একজন প্রখ্যাত ঔপন্যাসিক, গল্পকার, নাট্যকার এবং চলচ্চিত্র নির্মাতা। তাঁর লিখিত উপন্যাস, নাটক, এবং চলচ্চিত্র বাংলা সাহিত্যের অঙ্গনে ব্যাপক জনপ্রিয়তা লাভ করেছে।', 1, 1, 1, '2024-11-24 18:00:00', '2024-11-24 18:00:00'),
(4, 'A04', 'তসলিমা নাসরিন', 'তসলিমা নাসরিন একজন বাংলাদেশি লেখিকা এবং মানবাধিকারকর্মী, যিনি নারীর অধিকার এবং ধর্মীয় নির্যাতনের বিরুদ্ধে তাঁর সাহিত্যে কড়া অবস্থান গ্রহণ করেছেন।', 1, 1, 1, '2024-11-24 18:00:00', '2024-11-24 18:00:00'),
(5, 'A05', 'সেলিনা হোসেন', 'সেলিনা হোসেন বাংলাদেশের একজন খ্যাতনামা সাহিত্যিক, যিনি বিশেষ করে শিশু সাহিত্য ও সামাজিক বিষয়ক গল্প লেখেন। তাঁর লেখনিতে সাধারণ মানুষের জীবনযাত্রা এবং সমাজের বাস্তবতা উঠে আসে।', 1, 1, 1, '2024-11-24 18:00:00', '2024-11-24 18:00:00'),
(6, 'A06', 'আমিনা বেগম', 'আমিনা বেগম একজন বাংলাদেশি লেখিকা যিনি তার কবিতা ও ছোট গল্পের জন্য পরিচিত। তার লেখায় সমাজের অসঙ্গতি এবং মানবিক দিক তুলে ধরা হয়েছে।', 1, 1, 1, '2024-11-24 18:00:00', '2024-11-24 18:00:00'),
(7, 'A07', 'শামীম আনোয়ার', 'শামীম আনোয়ার একজন বিশিষ্ট উপন্যাসিক এবং সাহিত্যিক, যিনি সৃজনশীল সাহিত্য রচনায় বিশেষভাবে পরিচিত। তার কাজগুলো সাধারণ মানুষের জীবনের চিত্র তুলে ধরে।', 1, 1, 1, '2024-11-24 18:00:00', '2024-11-24 18:00:00'),
(8, 'A08', 'আহমেদ ছফা', 'আহমেদ ছফা বাংলা সাহিত্যের একজন খ্যাতনামা লেখক, যিনি তার চিন্তাশীল সাহিত্য এবং রাজনৈতিক মতামতের জন্য পরিচিত। তিনি বাংলাদেশের সামাজিক ও রাজনৈতিক অবস্থার বিশ্লেষণে গভীরতার জন্য পরিচিত।', 1, 1, 1, '2024-11-24 18:00:00', '2024-11-24 18:00:00'),
(9, 'A09', 'ইমদাদুল হক মিলন', 'ইমদাদুল হক মিলন বাংলা সাহিত্যের একজন জনপ্রিয় ঔপন্যাসিক এবং ছোট গল্পকার। তার লেখায় মানুষের আবেগ এবং সামাজিক পরিবর্তনের প্রতি গভীর আগ্রহ প্রকাশ পেয়েছে।', 1, 1, 1, '2024-11-24 18:00:00', '2024-11-24 18:00:00'),
(10, 'A10', 'মোঃ জহিরুল ইসলাম', 'মোঃ জহিরুল ইসলাম একজন বাংলাদেশি লেখক এবং সামাজিক কর্মী, যিনি সমাজের অধিকারবঞ্চিত মানুষের জন্য কাজ করছেন এবং তার লেখনির মাধ্যমে সামাজিক সচেতনতা বাড়াতে কাজ করছেন।', 1, 1, 1, '2024-11-24 18:00:00', '2024-11-24 18:00:00'),
(11, 'A11', 'শওকত আলী', 'শওকত আলী একজন প্রখ্যাত বাংলা লেখক, যিনি তার সাহিত্যে মানবিকতার গাম্ভীর্য এবং জীবনবোধের সংবেদনশীল চিত্র তুলে ধরেছেন।', 1, 1, 1, '2024-11-24 18:00:00', '2024-11-24 18:00:00'),
(12, 'A12', 'সেলিম আল দীনে', 'সেলিম আল দীনের নাটক এবং কাব্য সাহিত্যে নতুন একটি ধারার সৃষ্টি করেছে। তার লেখায় জীবন, মৃত্যু ও সামাজিক বোধের গভীরতা স্পষ্ট।', 1, 1, 1, '2024-11-24 18:00:00', '2024-11-24 18:00:00'),
(13, 'A13', 'কাজী নূরুল ইসলাম', 'কাজী নূরুল ইসলাম বাংলাদেশের একজন লেখক এবং সাংবাদিক, যিনি দেশের বিভিন্ন সামাজিক ইস্যু নিয়ে লেখালেখি করেন।', 1, 1, 1, '2024-11-24 18:00:00', '2024-11-24 18:00:00'),
(14, 'A14', 'মহীউদ্দিন মাহমুদ', 'মহীউদ্দিন মাহমুদ বাংলাদেশের একজন জনপ্রিয় লেখক, যিনি তার আধুনিক কাব্য ও কবিতার জন্য পরিচিত।', 1, 1, 1, '2024-11-24 18:00:00', '2024-11-24 18:00:00'),
(15, 'A15', 'ফকির ইজ্জত আলী', 'ফকির ইজ্জত আলী বাংলাদেশের একজন প্রখ্যাত কবি, যিনি তার কবিতায় বাংলা সাহিত্যের ঐতিহ্য এবং মানুষের জীবনবোধকে উপস্থাপন করেন।', 1, 1, 1, '2024-11-24 18:00:00', '2024-11-24 18:00:00'),
(16, 'A16', 'মাহমুদুল হাসান', 'মাহমুদুল হাসান একজন সমকালীন লেখক, যিনি তার গল্পে মানবিক আবেগ এবং নৈতিকতার প্রশ্ন তুলে ধরেন।', 1, 1, 1, '2024-11-24 18:00:00', '2024-11-24 18:00:00'),
(17, 'A17', 'নওশাদ রহমান', 'নওশাদ রহমান বাংলাদেশের একজন জনপ্রিয় ইতিহাসবিদ ও লেখক, যিনি দেশের স্বাধীনতা যুদ্ধ নিয়ে গবেষণা করেছেন।', 1, 1, 1, '2024-11-24 18:00:00', '2024-11-24 18:00:00'),
(18, 'A18', 'শামীম হোসেন', 'শামীম হোসেন বাংলাদেশের একজন খ্যাতনামা উপন্যাসিক, যিনি তার উপন্যাসে প্রেম, সমাজ এবং জীবন সম্পর্কে চিন্তা প্রকাশ করেছেন।', 1, 1, 1, '2024-11-24 18:00:00', '2024-11-24 18:00:00'),
(19, 'A19', 'তানভীর আহমেদ', 'তানভীর আহমেদ একজন আধুনিক সাহিত্যিক, যিনি তার লেখায় মানুষের দুর্দশা, অন্ধকার জীবন এবং সমাজের অবক্ষয়ের চিত্র তুলে ধরেছেন।', 1, 1, 1, '2024-11-24 18:00:00', '2024-11-24 18:00:00'),
(20, 'A20', 'আলাউদ্দিন আল আজাদ', 'আলাউদ্দিন আল আজাদ একজন প্রখ্যাত বাংলাদেশি লেখক, যিনি সাহিত্যে তার ব্যতিক্রমী দৃষ্টিভঙ্গির জন্য পরিচিত।', 1, 1, 1, '2024-11-24 18:00:00', '2024-11-24 18:00:00'),
(21, 'A21', 'কুমার বিশ্বজিৎ', 'কুমার বিশ্বজিৎ একজন স্বনামধন্য লেখক, গায়ক এবং সঙ্গীতজ্ঞ, যিনি বাংলা সঙ্গীত এবং সাহিত্যে ব্যাপক অবদান রেখেছেন।', 1, 1, 1, '2024-11-24 18:00:00', '2024-11-24 18:00:00'),
(22, 'A22', 'রফিকুল ইসলাম', 'রফিকুল ইসলাম বাংলাদেশের একজন সাহিত্যিক, যিনি তার কবিতায় সমাজের বিভিন্ন অসঙ্গতি এবং নৈতিক দায়িত্বের প্রতি সতর্ক করেছেন।', 1, 1, 1, '2024-11-24 18:00:00', '2024-11-24 18:00:00'),
(23, 'A23', 'এম এ মুহিত', 'এম এ মুহিত একজন অভিজ্ঞ সাংবাদিক এবং লেখক, যিনি বাংলাদেশের বর্তমান রাজনৈতিক ও সামাজিক পরিস্থিতি নিয়ে বিশ্লেষণ করেছেন।', 1, 1, 1, '2024-11-24 18:00:00', '2024-11-24 18:00:00'),
(24, 'A24', 'মাহফুজুল হক', 'মাহফুজুল হক বাংলাদেশের একজন জনপ্রিয় প্রবন্ধকার, যিনি তার লেখায় ধর্মীয় ও সাংস্কৃতিক বিষয় নিয়ে আলোচনা করেন।', 1, 1, 1, '2024-11-24 18:00:00', '2024-11-24 18:00:00'),
(25, 'A25', 'আবদুল হক', 'আবদুল হক একজন প্রখ্যাত ঔপন্যাসিক, যিনি তার দীর্ঘ উপন্যাসগুলোর জন্য বাংলা সাহিত্যে পরিচিত।', 1, 1, 1, '2024-11-24 18:00:00', '2024-11-24 18:00:00'),
(26, 'A26', 'নাজমুল হুদা', 'নাজমুল হুদা একজন প্রখ্যাত সাংবাদিক, যিনি বাংলাদেশের রাজনৈতিক পরিস্থিতি এবং রাষ্ট্রের উন্নতি নিয়ে নিবন্ধ লেখেন।', 1, 1, 1, '2024-11-24 18:00:00', '2024-11-24 18:00:00'),
(27, 'A27', 'সালাউদ্দিন সিদ্দিকী', 'সালাউদ্দিন সিদ্দিকী বাংলাদেশের একজন সাহিত্যিক, যিনি তার উপন্যাসে মানবিক বোধ এবং সামাজিক বাস্তবতা তুলে ধরেছেন।', 1, 1, 1, '2024-11-24 18:00:00', '2024-11-24 18:00:00'),
(28, 'A28', 'মোঃ সোহেল রানা', 'মোঃ সোহেল রানা একজন বিশিষ্ট লেখক এবং মুক্তিযুদ্ধের ইতিহাসবিদ, যিনি বাংলাদেশ স্বাধীনতা সংগ্রাম নিয়ে লেখালেখি করেন।', 1, 1, 1, '2024-11-24 18:00:00', '2024-11-24 18:00:00'),
(29, 'A29', 'জাহিদ হাসান', 'জাহিদ হাসান একজন সমালোচক ও লেখক, যিনি সমাজের বিভিন্ন অবস্থা এবং সাংস্কৃতিক পরিবর্তন নিয়ে লেখেন।', 1, 1, 1, '2024-11-24 18:00:00', '2024-11-24 18:00:00'),
(30, 'A30', 'ফারুক আহমেদ', 'ফারুক আহমেদ বাংলাদেশের একজন প্রখ্যাত লেখক, যিনি তার সাহিত্যে মানবিক মর্যাদা এবং অধিকার নিয়ে প্রশ্ন তুলেছেন।', 1, 1, 1, '2024-11-24 18:00:00', '2024-11-24 18:00:00'),
(31, 'A31', 'শামসুর রহমান', 'শামসুর রহমান বাংলাদেশের একজন খ্যাতনামা কবি, যিনি তার কবিতায় সমাজের দুঃখ-কষ্ট এবং সুখ-দুঃখের বাস্তবতা নিয়ে লেখেন।', 1, 1, 1, '2024-11-24 18:00:00', '2024-11-24 18:00:00'),
(32, 'A32', 'রেবেকা পারভীন', 'রেবেকা পারভীন একজন জনপ্রিয় লেখিকা, যিনি তার সাহিত্যে নারী শিক্ষা এবং উন্নতি নিয়ে বিভিন্ন গল্প ও প্রবন্ধ লেখেন।', 1, 1, 1, '2024-11-24 18:00:00', '2024-11-24 18:00:00'),
(34, 'A34', 'মোঃ আবুল কালাম', 'মোঃ আবুল কালাম একজন প্রখ্যাত সাংবাদিক ও লেখক, যিনি সমাজের বিভিন্ন দিক নিয়ে তার লেখনিতে প্রভাব ফেলেছেন।', 1, 1, 1, '2024-11-24 18:00:00', '2024-11-24 18:00:00'),
(35, 'A35', 'শেখ মুজিবুর রহমান', 'শেখ মুজিবুর রহমান বাংলাদেশের প্রথম রাষ্ট্রপতি এবং জাতির পিতা। তিনি তার বক্তৃতা ও লেখনিতে স্বাধীনতার সংগ্রাম এবং জাতির ঐক্যের কথা বলেছেন।', 1, 1, 1, '2024-11-24 18:00:00', '2024-11-24 18:00:00'),
(36, 'A36', 'সুজাতা সরকার', 'সুজাতা সরকার একজন মানবাধিকার কর্মী ও লেখিকা, যিনি বাংলাদেশের নারী অধিকার এবং শিশু সুরক্ষা নিয়ে বিভিন্ন কাজ করেছেন।', 1, 1, 1, '2024-11-24 18:00:00', '2024-11-24 18:00:00'),
(37, 'A37', 'কানিজ ফাতেমা', 'কানিজ ফাতেমা বাংলাদেশের একজন জনপ্রিয় গল্পকার এবং লেখিকা, যিনি তার লেখা গল্পে নারীর ক্ষমতায়ন নিয়ে আলোচনা করেন।', 1, 1, 1, '2024-11-24 18:00:00', '2024-11-24 18:00:00'),
(38, 'A38', 'হুমায়ূন আহমেদ', 'হুমায়ূন আহমেদ বাংলাদেশের একজন প্রখ্যাত উপন্যাসিক, নাট্যকার এবং চলচ্চিত্র পরিচালক। তার সাহিত্য কল্পনা এবং বাস্তবতার সমন্বয়ে গড়ে উঠেছে।', 1, 1, 1, '2024-11-24 18:00:00', '2024-11-24 18:00:00'),
(39, 'A39', 'বেগম রোকেয়া', 'বেগম রোকেয়া একজন প্রখ্যাত সমাজকর্মী ও লেখিকা, যিনি নারীর অধিকার এবং শিক্ষা নিয়ে কাজ করেছেন।', 1, 1, 1, '2024-11-24 18:00:00', '2024-11-24 18:00:00'),
(40, 'A40', 'মুনিরা ইসলাম', 'মুনিরা ইসলাম একজন বিশিষ্ট বাংলাদেশি লেখিকা, যিনি তার সাহিত্যে সমাজের নানা অনুশাসন এবং সংস্কৃতি নিয়ে প্রশ্ন তুলেছেন।', 1, 1, 1, '2024-11-24 18:00:00', '2024-11-24 18:00:00'),
(41, 'A41', 'হাসান আজিজুল হক', 'হাসান আজিজুল হক একজন বিখ্যাত ঔপন্যাসিক, যিনি তার সাহিত্যে বাঙালি জীবনের নানা দিক তুলে ধরেছেন।', 1, 1, 1, '2024-11-24 18:00:00', '2024-11-24 18:00:00'),
(42, 'A42', 'মোহাম্মদ নূরুল হুদা', 'মোহাম্মদ নূরুল হুদা একজন সমালোচক এবং লেখক, যিনি সাহিত্যিক বিষয়াদি এবং সাহিত্য সমালোচনা নিয়ে কাজ করেছেন।', 1, 1, 1, '2024-11-24 18:00:00', '2024-11-24 18:00:00'),
(43, 'A43', 'আমির হোসেন', 'আমির হোসেন একজন খ্যাতনামা রাজনৈতিক লেখক এবং বক্তা, যিনি তার লেখায় দেশের ভবিষ্যৎ নিয়ে ভবিষ্যদ্বাণী করেছেন।', 1, 1, 1, '2024-11-24 18:00:00', '2024-11-24 18:00:00'),
(44, 'A44', 'উম্মে সালমা', 'উম্মে সালমা একজন পল্লী কবি, যিনি তার লেখনিতে গ্রামবাংলার প্রকৃতি এবং মানুষের জীবনযাত্রার চিত্র তুলে ধরেছেন।', 1, 1, 1, '2024-11-24 18:00:00', '2024-11-24 18:00:00'),
(45, 'A45', 'কাওসার মাহমুদ', 'কাওসার মাহমুদ একজন সাহিত্যিক, যিনি সমাজের নিম্নবর্গের মানুষের জীবনের যন্ত্রণা এবং সংগ্রামকে চিত্রিত করেছেন।', 1, 1, 1, '2024-11-24 18:00:00', '2024-11-24 18:00:00'),
(46, 'A46', 'তামান্না আফরিন', 'তামান্না আফরিন একজন মহিলা লেখক, যিনি নারী শিক্ষার প্রসারে বেশ কয়েকটি বই লিখেছেন।', 1, 1, 1, '2024-11-24 18:00:00', '2024-11-24 18:00:00'),
(47, 'A47', 'খুরশীদ আলম', 'খুরশীদ আলম একজন প্রবীণ কবি, যিনি তার কবিতায় প্রকৃতি এবং মানবিক অনুভূতির সম্পর্কের বিশ্লেষণ করেছেন।', 1, 1, 1, '2024-11-24 18:00:00', '2024-11-24 18:00:00'),
(48, 'A48', 'রহমান রফিক', 'রহমান রফিক একজন সাংবাদিক এবং সাহিত্যিক, যিনি বাংলাদেশের বর্তমান সামাজিক সমস্যাগুলো নিয়ে লেখেন।', 1, 1, 1, '2024-11-24 18:00:00', '2024-11-24 18:00:00'),
(49, 'A49', 'আশিক রহমান', 'আশিক রহমান একজন জনপ্রিয় উপন্যাসিক, যিনি তার উপন্যাসে জীবনের কঠিন বাস্তবতা এবং সম্পর্কের জটিলতাকে তুলে ধরেছেন।', 1, 1, 1, '2024-11-24 18:00:00', '2024-11-24 18:00:00'),
(50, 'A50', 'মিনহাজুল আবেদীন', 'মিনহাজুল আবেদীন একজন বিশিষ্ট লেখক, যিনি তার লেখায় সমাজের নিপীড়িত শ্রেণির কথাই তুলে ধরেছেন।', 1, 1, 1, '2024-11-24 18:00:00', '2024-11-24 18:00:00'),
(51, 'A51', 'শাহনেওয়াজ সিদ্দিকী', 'শাহনেওয়াজ সিদ্দিকী একজন খ্যাতনামা লেখক, যিনি বাংলাদেশের রাজনৈতিক ইতিহাস নিয়ে লিখেছেন।', 1, 1, 1, '2024-11-24 18:00:00', '2024-11-24 18:00:00'),
(52, 'A52', 'জাহিদুল ইসলাম', 'জাহিদুল ইসলাম একজন আলোচিত লেখক, যিনি নিজের অভিজ্ঞতা এবং সামাজিক বাস্তবতা নিয়ে লেখা উপন্যাসগুলোর জন্য পরিচিত।', 1, 1, 1, '2024-11-24 18:00:00', '2024-11-24 18:00:00');

-- --------------------------------------------------------

--
-- Table structure for table `brands`
--

CREATE TABLE `brands` (
  `id` int(10) UNSIGNED NOT NULL,
  `name` varchar(255) NOT NULL,
  `brand_code` varchar(255) DEFAULT NULL,
  `notes` longtext DEFAULT NULL,
  `status` tinyint(4) DEFAULT NULL,
  `created_by` int(11) DEFAULT NULL,
  `updated_by` int(11) DEFAULT NULL,
  `created_at` timestamp NULL DEFAULT NULL,
  `updated_at` timestamp NULL DEFAULT NULL
) ENGINE=InnoDB DEFAULT CHARSET=utf8 COLLATE=utf8_unicode_ci;

--
-- Dumping data for table `brands`
--

INSERT INTO `brands` (`id`, `name`, `brand_code`, `notes`, `status`, `created_by`, `updated_by`, `created_at`, `updated_at`) VALUES
(1, 'Brand A', 'BRANDA', 'Notes for Brand A', 1, 1, 1, '2024-05-28 14:29:50', '2024-05-28 14:29:50'),
(2, 'Brand B', 'BRANDB', 'Notes for Brand B', 1, 1, 1, '2024-05-28 14:29:50', '2024-05-28 14:29:50'),
(3, 'Brand C', 'BRANDC', 'Notes for Brand C', 1, 1, 1, '2024-05-28 14:29:50', '2024-05-28 14:29:50'),
(4, 'Apex', '12345', 'Apex shoes edit', 1, NULL, NULL, '2024-06-08 09:32:18', '2024-06-08 09:32:37'),
(5, 'jaker', 'dfd', 'dff', 1, NULL, NULL, '2024-07-06 09:23:16', '2024-07-06 09:23:16'),
(6, 'fdf', 'ere', 'dfdsf', 1, NULL, NULL, '2024-07-06 09:25:22', '2024-07-06 09:25:22'),
(7, 'dfsdfsdf', '34234', 'fdsfdsf', 1, NULL, NULL, '2024-07-06 09:28:59', '2024-07-06 09:28:59'),
(8, 'Jakir Lungi', 'jakarui', 'dfdf', 1, NULL, NULL, '2024-07-06 09:43:08', '2024-07-06 09:43:08');

-- --------------------------------------------------------

--
-- Table structure for table `cache`
--

CREATE TABLE `cache` (
  `key` varchar(255) NOT NULL,
  `value` mediumtext NOT NULL,
  `expiration` int(11) NOT NULL
) ENGINE=InnoDB DEFAULT CHARSET=utf8mb4 COLLATE=utf8mb4_unicode_ci;

-- --------------------------------------------------------

--
-- Table structure for table `cache_locks`
--

CREATE TABLE `cache_locks` (
  `key` varchar(255) NOT NULL,
  `owner` varchar(255) NOT NULL,
  `expiration` int(11) NOT NULL
) ENGINE=InnoDB DEFAULT CHARSET=utf8mb4 COLLATE=utf8mb4_unicode_ci;

-- --------------------------------------------------------

--
-- Table structure for table `categories`
--

CREATE TABLE `categories` (
  `id` int(10) UNSIGNED NOT NULL,
  `code` varchar(255) DEFAULT NULL,
  `name` varchar(255) NOT NULL,
  `notes` longtext DEFAULT NULL,
  `status` tinyint(1) DEFAULT 1,
  `created_by` int(11) DEFAULT NULL,
  `updated_by` int(11) DEFAULT NULL,
  `created_at` timestamp NULL DEFAULT NULL,
  `updated_at` timestamp NULL DEFAULT NULL
) ENGINE=InnoDB DEFAULT CHARSET=utf8 COLLATE=utf8_unicode_ci;

--
-- Dumping data for table `categories`
--

INSERT INTO `categories` (`id`, `code`, `name`, `notes`, `status`, `created_by`, `updated_by`, `created_at`, `updated_at`) VALUES
(1, 'C001', 'সাহিত্য', 'সাহিত্য বিভাগের বইগুলোর মধ্যে বাংলা ও বিশ্ব সাহিত্যের নানা ধারার বই রয়েছে।', 1, 1, 1, '2024-11-24 18:00:00', '2024-11-24 18:00:00'),
(2, 'C002', 'ইতিহাস', 'ইতিহাস বিভাগের বইগুলো ইতিহাস, ইতিহাসের বিশ্লেষণ, ও সমাজের উন্নয়ন নিয়ে লেখা হয়।', 1, 1, 1, '2024-11-24 18:00:00', '2024-11-24 18:00:00'),
(3, 'C003', 'শিক্ষা', 'শিক্ষা বিভাগের বইগুলোর মধ্যে পাঠ্যপুস্তক, পরীক্ষার প্রস্তুতি ও শিক্ষণ পদ্ধতির বই রয়েছে।', 1, 1, 1, '2024-11-24 18:00:00', '2024-11-24 18:00:00'),
(4, 'C004', 'কবিতা', 'কবিতা বিভাগে প্রখ্যাত কবিদের কবিতা, সংকলন, ও আধুনিক কবিতা সংকলিত হয়েছে।', 1, 1, 1, '2024-11-24 18:00:00', '2024-11-24 18:00:00'),
(5, 'C005', 'ভ্রমণ', 'ভ্রমণ বিভাগে দেশের বিভিন্ন স্থান, বিদেশী ভ্রমণ এবং ভ্রমণ অভিজ্ঞতার উপর বই রয়েছে।', 1, 1, 1, '2024-11-24 18:00:00', '2024-11-24 18:00:00'),
(6, 'C006', 'বিজ্ঞান', 'বিজ্ঞান বিভাগের বইগুলোর মধ্যে প্রাকৃতিক বিজ্ঞান, গণনা, ও প্রযুক্তি সম্পর্কিত বই রয়েছে।', 1, 1, 1, '2024-11-24 18:00:00', '2024-11-24 18:00:00'),
(7, 'C007', 'শিল্পকলা', 'শিল্পকলা বিভাগের বইগুলোর মধ্যে চিত্রকলার ইতিহাস, শিল্প রূপকলা, এবং সৃজনশীল নকশার বই রয়েছে।', 1, 1, 1, '2024-11-24 18:00:00', '2024-11-24 18:00:00'),
(8, 'C008', 'প্রযুক্তি', 'প্রযুক্তি বিভাগের বইগুলোর মধ্যে কম্পিউটার বিজ্ঞান, সফটওয়্যার, এবং প্রযুক্তির নানা দিক নিয়ে লেখা বই রয়েছে।', 1, 1, 1, '2024-11-24 18:00:00', '2024-11-24 18:00:00'),
(9, 'C009', 'ফ্যান্টাসি', 'ফ্যান্টাসি সাহিত্য বিভাগের বইগুলো কল্পনালোক ও অদ্ভুত কাহিনির সংকলন।', 1, 1, 1, '2024-11-24 18:00:00', '2024-11-24 18:00:00'),
(10, 'C010', 'নৃতত্ত্ব', 'নৃতত্ত্ব বিভাগের বইগুলো মানব সমাজ, সংস্কৃতি, এবং জাতিগত বৈশিষ্ট্য নিয়ে আলোচনা করে।', 1, 1, 1, '2024-11-24 18:00:00', '2024-11-24 18:00:00'),
(11, 'C011', 'ধর্ম', 'ধর্মের উপর বইগুলোর মধ্যে ধর্মীয় গ্রন্থ, আধ্যাত্মিক বই এবং ধর্মীয় চিন্তা-ধারা সম্পর্কিত বই রয়েছে।', 1, 1, 1, '2024-11-24 18:00:00', '2024-11-24 18:00:00'),
(12, 'C012', 'কর্মশক্তি', 'কর্মশক্তি বা পরিশ্রমের ওপর বইগুলো ব্যক্তি ও সমাজের উন্নতি এবং কাজের প্রতি মনোভাব সম্পর্কে আলোচনা করে।', 1, 1, 1, '2024-11-24 18:00:00', '2024-11-24 18:00:00'),
(13, 'C013', 'অর্থনীতি', 'অর্থনীতি বিভাগের বইগুলো বিশ্বের অর্থনৈতিক কাঠামো, বাণিজ্য, ও গ্রাহক বাজার নিয়ে আলোচনা করে।', 1, 1, 1, '2024-11-24 18:00:00', '2024-11-24 18:00:00'),
(14, 'C014', 'ফটোগ্রাফি', 'ফটোগ্রাফি বিভাগের বইগুলো ক্যামেরার ব্যবহারের কৌশল, ছবি তোলার কলা ও শিল্প সম্পর্কিত বই রয়েছে।', 1, 1, 1, '2024-11-24 18:00:00', '2024-11-24 18:00:00'),
(15, 'C015', 'মনোবিজ্ঞান', 'মনোবিজ্ঞান সম্পর্কিত বইগুলো মানুষের মনস্তত্ত্ব, আচরণ এবং মনোবিদ্যার দিক নিয়ে আলোচনা করে।', 1, 1, 1, '2024-11-24 18:00:00', '2024-11-24 18:00:00'),
(16, 'C016', 'রহস্য', 'রহস্য বিভাগের বইগুলো অনুসন্ধান, তদন্ত এবং অপরাধ সমাধানের কাহিনির মাধ্যমে পাঠককে মন্ত্রমুগ্ধ করে।', 1, 1, 1, '2024-11-24 18:00:00', '2024-11-24 18:00:00'),
(17, 'C017', 'স্বাস্থ্য', 'স্বাস্থ্য সম্পর্কিত বইগুলো জীবনযাপন, খাদ্য, ব্যায়াম এবং রোগ প্রতিরোধের নানা দিক নিয়ে আলোচনা করে।', 1, 1, 1, '2024-11-24 18:00:00', '2024-11-24 18:00:00'),
(18, 'C018', 'রাজনীতি', 'রাজনীতি বিভাগের বইগুলো সমাজের শাসন ব্যবস্থা, রাজনৈতিক ইতিহাস এবং দলের কার্যক্রম নিয়ে আলোচনা করে।', 1, 1, 1, '2024-11-24 18:00:00', '2024-11-24 18:00:00'),
(19, 'C019', 'ভাষাশিক্ষা', 'ভাষাশিক্ষার বইগুলো ভাষা শিক্ষা, ব্যাকরণ, ও সাহিত্য সম্পর্কিত বিভিন্ন বইয়ের সংকলন।', 1, 1, 1, '2024-11-24 18:00:00', '2024-11-24 18:00:00'),
(20, 'C020', 'নতুন লেখা', 'নতুন লেখা বিভাগে আধুনিক লেখকদের কাজ, সমাজ পরিবর্তন ও মানবিক দৃষ্টিভঙ্গির বই গুলি অন্তর্ভুক্ত।', 1, 1, 1, '2024-11-24 18:00:00', '2024-11-24 18:00:00'),
(21, 'C021', 'সাহিত্যতত্ত্ব', 'সাহিত্যতত্ত্ব বইগুলো সাহিত্যের ইতিহাস, সাহিত্য শাখা ও সাহিত্য সমালোচনা সম্পর্কিত পাঠ্যবইগুলো।', 1, 1, 1, '2024-11-24 18:00:00', '2024-11-24 18:00:00'),
(22, 'C022', 'সমাজ বিজ্ঞান', 'সমাজ বিজ্ঞান সম্পর্কিত বইগুলো মানব সমাজ, জাতিগত বিষয় ও সমাজের সামাজিক কাঠামো নিয়ে আলোচনা করে।', 1, 1, 1, '2024-11-24 18:00:00', '2024-11-24 18:00:00'),
(23, 'C023', 'ব্যবসা', 'ব্যবসা সম্পর্কিত বইগুলো উদ্যোক্তা, বাজার বিশ্লেষণ, বাণিজ্যিক কৌশল এবং ব্যবসা পরিচালনা নিয়ে আলোচনা করে।', 1, 1, 1, '2024-11-24 18:00:00', '2024-11-24 18:00:00'),
(24, 'C024', 'ধারাবাহিক উপন্যাস', 'ধারাবাহিক উপন্যাসের বইগুলোর মধ্যে পাঠকরা একের পর এক বইয়ের কাহিনী অনুসরণ করতে পারে।', 1, 1, 1, '2024-11-24 18:00:00', '2024-11-24 18:00:00'),
(25, 'C025', 'আধুনিক বাংলা', 'আধুনিক বাংলা বইগুলোর মধ্যে বাংলাদেশের আধুনিক সাহিত্য, সমাজ ও সংস্কৃতির উপর আলোচনা করা হয়।', 1, 1, 1, '2024-11-24 18:00:00', '2024-11-24 18:00:00'),
(26, 'C026', 'বাচ্চাদের বই', 'বাচ্চাদের জন্য বিভিন্ন ধরনের পাঠ্য, গল্প এবং শিক্ষামূলক বই রয়েছে।', 1, 1, 1, '2024-11-24 18:00:00', '2024-11-24 18:00:00'),
(27, 'C027', 'শক্তি', 'শক্তি সম্পর্কিত বইগুলোর মধ্যে শারীরিক প্রশিক্ষণ, শক্তি অর্জন এবং মানুষের শারীরিক ক্ষমতা নিয়ে লেখা বই রয়েছে।', 1, 1, 1, '2024-11-24 18:00:00', '2024-11-24 18:00:00'),
(28, 'C028', 'ভূগোল', 'ভূগোল বিভাগের বইগুলো পৃথিবী, জলবায়ু, ও বিভিন্ন দেশের ভূতত্ত্ব সম্পর্কিত তথ্য প্রদান করে।', 1, 1, 1, '2024-11-24 18:00:00', '2024-11-24 18:00:00'),
(29, 'C029', 'কুকবুক', 'কুকবুক বিভাগের বইগুলোর মধ্যে বিভিন্ন ধরনের রান্নার রেসিপি, সুস্বাদু খাবারের প্রস্তুতি নিয়ে লেখা বই রয়েছে।', 1, 1, 1, '2024-11-24 18:00:00', '2024-11-24 18:00:00'),
(30, 'C030', 'ক্রাইম', 'ক্রাইম বিভাগের বইগুলো অপরাধ, তদন্ত এবং এর বিশ্লেষণ সম্পর্কিত কাহিনির বই প্রদান করে।', 1, 1, 1, '2024-11-24 18:00:00', '2024-11-24 18:00:00'),
(51, NULL, 'ab 1', NULL, NULL, 1, 1, NULL, NULL),
(52, NULL, 'ab 2', NULL, NULL, 1, 1, NULL, NULL),
(53, NULL, 'ab 1', NULL, NULL, 1, 1, NULL, NULL),
(54, NULL, 'ab 2', NULL, NULL, 1, 1, NULL, NULL),
(55, NULL, 'ab 1', NULL, NULL, 1, 1, NULL, NULL),
(56, NULL, 'ab 2', NULL, NULL, 1, 1, NULL, NULL),
(57, NULL, 'abdullah 03', NULL, NULL, 1, 1, NULL, NULL),
(58, NULL, 'abdullah 04', NULL, NULL, 1, 1, NULL, NULL);

-- --------------------------------------------------------

--
-- Table structure for table `customers`
--

CREATE TABLE `customers` (
  `id` int(10) UNSIGNED NOT NULL,
  `name` varchar(255) NOT NULL,
  `email` varchar(255) DEFAULT NULL,
  `phone` varchar(255) NOT NULL,
  `gender` longtext DEFAULT NULL,
  `dob` date DEFAULT NULL,
  `customer_group_id` int(10) UNSIGNED DEFAULT NULL,
  `status` tinyint(4) NOT NULL,
  `user_id` int(11) DEFAULT NULL,
  `created_by` int(11) DEFAULT NULL,
  `updated_by` int(11) DEFAULT NULL,
  `created_at` timestamp NULL DEFAULT NULL,
  `updated_at` timestamp NULL DEFAULT NULL,
  `street_address` text CHARACTER SET utf8 COLLATE utf8_general_ci DEFAULT NULL,
  `city` varchar(100) CHARACTER SET utf8 COLLATE utf8_general_ci DEFAULT NULL,
  `district` varchar(100) CHARACTER SET utf8 COLLATE utf8_general_ci DEFAULT NULL
) ENGINE=InnoDB DEFAULT CHARSET=utf8 COLLATE=utf8_unicode_ci;

--
-- Dumping data for table `customers`
--

INSERT INTO `customers` (`id`, `name`, `email`, `phone`, `gender`, `dob`, `customer_group_id`, `status`, `user_id`, `created_by`, `updated_by`, `created_at`, `updated_at`, `street_address`, `city`, `district`) VALUES
(31, 'Brooke Murray', 'thompsonalexis@gmail.com', '(898)199-4211x452', 'Other', '1957-11-19', 5, 1, NULL, 2, 6, '2020-04-04 14:06:13', '2020-11-18 23:17:28', '', '', ''),
(32, 'Michael May', NULL, '129-449-9040', 'Female', '1987-11-29', 5, 1, NULL, 3, 5, '2022-10-20 07:20:03', '2022-07-04 04:06:55', '', '', ''),
(33, 'Mary Lang', 'zcruz@walker.org', '082-643-4082', NULL, '1971-12-07', 5, 0, NULL, 3, 5, '2021-01-07 12:57:13', '2020-04-24 17:50:51', '', '', ''),
(34, 'Doris Waller', 'jeremy53@le.com', '898-313-8382', 'Female', '2001-10-13', 5, 1, NULL, 4, 4, '2023-07-25 02:54:02', '2021-02-22 08:08:32', '', '', ''),
(35, 'Robin Day', 'stephaniehicks@yahoo.com', '001-974-956-7633x21936', 'Other', '2005-04-29', 5, 0, NULL, 1, 5, '2021-11-13 08:39:55', '2020-02-25 13:40:55', '', '', ''),
(36, 'Lori Taylor', 'herreramartin@hotmail.com', '(611)949-0863x927', 'Male', '1983-10-04', 5, 0, NULL, 9, 8, '2020-09-12 12:25:37', '2023-07-29 02:52:25', '', '', ''),
(37, 'Michael Vargas', 'kimberlyhogan@roberts.org', '605-460-5735x659', 'Other', '2002-01-29', 5, 1, NULL, 8, 6, '2020-05-20 22:23:40', '2022-01-28 23:01:31', '', '', ''),
(38, 'Denise Brown', 'jamesrichards@velasquez.org', '1-556-875-0344', 'Male', '1940-10-07', 5, 0, NULL, 2, 4, '2020-01-15 06:45:33', '2023-07-19 20:12:19', '', '', ''),
(39, 'Nicole Lee', NULL, '067.543.3825', NULL, '1964-04-11', 5, 1, NULL, 1, 10, '2023-06-22 08:52:40', '2021-02-05 21:47:54', '', '', ''),
(40, 'Terry Singh', 'moorekelly@martinez.com', '246-939-0752', 'Male', '1985-01-29', 5, 0, NULL, 10, 3, '2021-11-13 19:13:26', '2020-08-01 01:56:32', '', '', ''),
(41, 'James Daniels', NULL, '(824)831-1777x000', NULL, '1998-04-19', 5, 0, NULL, 1, 2, '2022-05-07 08:10:35', '2021-05-22 06:36:17', '', '', ''),
(42, 'Mackenzie Mitchell', NULL, '890.583.2424x213', NULL, '1969-09-09', 5, 1, NULL, 9, 3, '2023-06-29 06:47:22', '2021-07-17 04:15:34', '', '', ''),
(43, 'Rachel Thomas', NULL, '039-452-5408', 'Other', '1948-10-21', 5, 1, NULL, 2, 9, '2021-04-01 08:52:26', '2022-08-19 09:34:52', '', '', ''),
(44, 'Michelle Fisher', 'anthony84@campbell.com', '066-202-0736', 'Female', '1962-09-23', 5, 1, NULL, 3, 5, '2021-06-28 01:15:40', '2022-05-16 20:52:28', '', '', ''),
(45, 'Kelsey Anderson', 'bcameron@davis.com', '1-974-131-8454', 'Female', '1993-10-10', 5, 1, NULL, 6, 9, '2021-08-17 04:48:33', '2020-09-23 18:34:28', '', '', ''),
(46, 'Melissa Williams', NULL, '(522)297-4993', 'Male', '1963-04-06', 5, 0, NULL, 4, 2, '2020-09-24 22:15:48', '2021-09-09 05:04:14', '', '', ''),
(47, 'Charles Guzman', 'srodriguez@powell.info', '727-439-2941', NULL, '1943-05-29', 5, 1, NULL, 3, 6, '2020-04-03 18:23:36', '2020-10-25 14:10:44', '', '', ''),
(48, 'Amy Rogers', 'qhernandez@freeman.org', '1-825-635-9045x135', 'Other', '1998-01-24', 5, 1, NULL, 9, 8, '2021-01-12 19:38:31', '2021-05-25 07:57:17', '', '', ''),
(49, 'Angela Ramsey', 'ochoacasey@gmail.com', '493-789-3271x790', 'Female', '1960-12-30', 5, 1, NULL, 10, 8, '2021-11-06 10:44:39', '2020-11-05 15:53:15', '', '', ''),
(50, 'Stephen Luna', 'wvu@mcclain.info', '001-300-619-8774x1965', 'Other', '1992-04-16', 5, 1, NULL, 9, 5, '2023-05-07 19:26:22', '2021-12-14 15:14:16', '', '', ''),
(51, 'Erin Williams', NULL, '(914)615-4278x2948', NULL, '1978-05-14', 5, 0, NULL, 8, 10, '2021-11-17 19:07:13', '2023-02-17 12:19:55', '', '', ''),
(52, 'Megan Wilkins', 'hwilliams@gmail.com', '692-127-3451', 'Male', '1950-02-20', 5, 0, NULL, 3, 4, '2020-03-01 04:12:11', '2023-04-27 12:20:34', '', '', ''),
(53, 'Todd Green', NULL, '169-239-6271', NULL, '1946-01-04', 5, 1, NULL, 5, 6, '2023-03-22 13:40:12', '2020-10-26 00:25:11', '', '', ''),
(54, 'Danielle Sosa', 'ronaldwhite@taylor.info', '001-738-225-8834', 'Female', '1942-12-09', 5, 1, NULL, 2, 9, '2021-06-10 19:26:33', '2023-06-20 12:37:54', '', '', ''),
(55, 'Stacey Nguyen', NULL, '195.237.1896x7452', NULL, '1942-08-19', 5, 0, NULL, 8, 9, '2021-06-04 00:52:15', '2022-06-05 00:39:35', '', '', ''),
(56, 'Courtney Smith', 'brendablake@phillips.com', '016-421-8080x40655', 'Male', '1965-08-04', 5, 1, NULL, 1, 6, '2021-01-01 12:09:40', '2023-05-30 08:08:35', '', '', ''),
(57, 'James Green', 'rodriguezdavid@hancock.com', '745.564.8523', 'Female', '1964-10-29', 5, 0, NULL, 9, 8, '2020-11-26 07:20:48', '2020-02-09 04:11:13', '', '', ''),
(58, 'abdullah', 'abdullah54@gmail.com', '0185464564', '1', '2024-07-24', NULL, 1, NULL, NULL, NULL, '2024-07-06 09:05:20', '2024-07-06 09:05:20', '', '', ''),
(59, 'afd', 'abdullah87@gmail.com', '01849374255', '4', '2024-07-11', NULL, 1, NULL, NULL, NULL, '2024-07-06 09:06:05', '2024-07-06 09:06:05', '', '', ''),
(60, 'sa', 'saiful@gmail.com', '34564646', '1', '2024-07-24', NULL, 1, NULL, NULL, NULL, '2024-07-06 09:15:20', '2024-07-06 09:15:20', '', '', ''),
(61, 'Jakir Hossain', 'jakir@gmail.com', '01849378511', NULL, NULL, NULL, 1, 4, NULL, NULL, '2024-12-08 10:01:34', '2025-02-20 20:17:25', 'Abu sayed squre', 'Potni tola', 'rangpur'),
(62, 'ali test', 'ali511@gmail.com', '01849378541', NULL, NULL, NULL, 1, 5, NULL, NULL, '2024-12-08 10:24:31', '2024-12-08 10:24:31', '', '', ''),
(63, 'Mohammad Ferdous', NULL, '01720085127', NULL, NULL, NULL, 1, 6, NULL, NULL, '2025-01-24 09:51:30', '2025-01-24 09:51:30', '', '', ''),
(64, 'Shohag vai', NULL, '01619000215', NULL, NULL, NULL, 1, 8, NULL, NULL, '2025-02-22 11:01:17', '2025-02-22 11:02:12', 'Rastarar matha', 'Senbag', 'noakhali'),
(68, '01843978512', NULL, '01843978512', NULL, NULL, NULL, 1, NULL, NULL, NULL, '2025-02-28 04:24:28', '2025-02-28 04:24:28', NULL, NULL, NULL),
(69, '01843978513', NULL, '01843978513', NULL, NULL, NULL, 1, NULL, NULL, NULL, '2025-02-28 04:29:15', '2025-02-28 04:29:15', NULL, NULL, NULL),
(70, 'Mohammd Anas ali', NULL, '01849378519', NULL, NULL, NULL, 1, NULL, NULL, NULL, '2025-02-28 04:34:21', '2025-02-28 04:34:21', NULL, NULL, NULL);

-- --------------------------------------------------------

--
-- Table structure for table `customer_groups`
--

CREATE TABLE `customer_groups` (
  `id` int(10) UNSIGNED NOT NULL,
  `name` varchar(255) NOT NULL,
  `code` varchar(255) DEFAULT NULL,
  `notes` longtext DEFAULT NULL,
  `status` tinyint(4) DEFAULT NULL,
  `created_by` int(11) DEFAULT NULL,
  `updated_by` int(11) DEFAULT NULL,
  `created_at` timestamp NULL DEFAULT NULL,
  `updated_at` timestamp NULL DEFAULT NULL
) ENGINE=InnoDB DEFAULT CHARSET=utf8 COLLATE=utf8_unicode_ci;

--
-- Dumping data for table `customer_groups`
--

INSERT INTO `customer_groups` (`id`, `name`, `code`, `notes`, `status`, `created_by`, `updated_by`, `created_at`, `updated_at`) VALUES
(5, 'Wholesallers', '100', 'Wholesallers customer', 1, NULL, NULL, '2024-06-08 09:41:29', '2024-06-08 09:42:05'),
(6, 'Retailler', '200', 'Retailler customer', 1, NULL, NULL, '2024-06-08 09:41:56', '2024-06-08 09:42:10');

-- --------------------------------------------------------

--
-- Table structure for table `discounts`
--

CREATE TABLE `discounts` (
  `id` int(11) NOT NULL,
  `code` varchar(50) NOT NULL,
  `description` text DEFAULT NULL,
  `discount_type` enum('Percentage','Fixed') NOT NULL,
  `discount_value` decimal(12,2) NOT NULL,
  `start_date` date NOT NULL,
  `end_date` date NOT NULL,
  `active` tinyint(1) DEFAULT 1
) ENGINE=InnoDB DEFAULT CHARSET=utf8 COLLATE=utf8_unicode_ci;

-- --------------------------------------------------------

--
-- Table structure for table `failed_jobs`
--

CREATE TABLE `failed_jobs` (
  `id` bigint(20) UNSIGNED NOT NULL,
  `uuid` varchar(255) NOT NULL,
  `connection` text NOT NULL,
  `queue` text NOT NULL,
  `payload` longtext NOT NULL,
  `exception` longtext NOT NULL,
  `failed_at` timestamp NOT NULL DEFAULT current_timestamp()
) ENGINE=InnoDB DEFAULT CHARSET=utf8mb4 COLLATE=utf8mb4_unicode_ci;

-- --------------------------------------------------------

--
-- Table structure for table `hr_departments`
--

CREATE TABLE `hr_departments` (
  `id` int(11) UNSIGNED NOT NULL,
  `name` varchar(255) NOT NULL,
  `created_at` timestamp NOT NULL DEFAULT current_timestamp(),
  `updated_at` timestamp NOT NULL DEFAULT current_timestamp() ON UPDATE current_timestamp(),
  `created_by` int(11) DEFAULT NULL,
  `updated_by` int(11) DEFAULT NULL
) ENGINE=InnoDB DEFAULT CHARSET=utf8mb4 COLLATE=utf8mb4_unicode_ci;

--
-- Dumping data for table `hr_departments`
--

INSERT INTO `hr_departments` (`id`, `name`, `created_at`, `updated_at`, `created_by`, `updated_by`) VALUES
(1, 'HR', '2025-03-23 16:29:29', '2025-03-23 16:29:29', 1, 1),
(2, 'Finance', '2025-03-23 16:29:29', '2025-03-23 16:29:29', 2, 2),
(3, 'IT', '2025-03-23 16:29:29', '2025-03-23 16:29:29', 3, 3),
(4, 'Sales', '2025-03-23 16:29:29', '2025-03-23 16:29:29', 4, 4),
(5, 'Marketing', '2025-03-23 16:29:29', '2025-03-23 16:29:29', 5, 5),
(6, 'Operations', '2025-03-23 16:29:29', '2025-03-23 16:29:29', 6, 6),
(7, 'Customer Service', '2025-03-23 16:29:29', '2025-03-23 16:29:29', 7, 7),
(8, 'Research and Development', '2025-03-23 16:29:29', '2025-03-23 16:29:29', 8, 8),
(9, 'Legal', '2025-03-23 16:29:29', '2025-03-23 16:29:29', 9, 9),
(10, 'Administration', '2025-03-23 16:29:29', '2025-03-23 16:29:29', 10, 10);

-- --------------------------------------------------------

--
-- Table structure for table `hr_employees`
--

CREATE TABLE `hr_employees` (
  `id` int(11) UNSIGNED NOT NULL,
  `full_name` varchar(255) NOT NULL,
  `email` varchar(255) DEFAULT NULL,
  `nationality` varchar(100) DEFAULT NULL,
  `department_id` int(11) UNSIGNED DEFAULT NULL,
  `job_title_id` int(11) UNSIGNED DEFAULT NULL,
  `position_id` int(11) UNSIGNED DEFAULT NULL,
  `mobile_number` varchar(20) DEFAULT NULL,
  `gender` enum('Male','Female','Other') DEFAULT NULL,
  `blood_group` varchar(10) DEFAULT NULL,
  `date_of_birth` date DEFAULT NULL,
  `marital_status` enum('Married','Unmarried') DEFAULT NULL,
  `date_of_joining` date DEFAULT NULL,
  `status` tinyint(4) DEFAULT 1,
  `created_at` timestamp NOT NULL DEFAULT current_timestamp(),
  `updated_at` timestamp NOT NULL DEFAULT current_timestamp() ON UPDATE current_timestamp(),
  `created_by` int(11) DEFAULT NULL,
  `updated_by` int(11) DEFAULT NULL
) ENGINE=InnoDB DEFAULT CHARSET=utf8mb4 COLLATE=utf8mb4_unicode_ci;

--
-- Dumping data for table `hr_employees`
--

INSERT INTO `hr_employees` (`id`, `full_name`, `email`, `nationality`, `department_id`, `job_title_id`, `position_id`, `mobile_number`, `gender`, `blood_group`, `date_of_birth`, `marital_status`, `date_of_joining`, `status`, `created_at`, `updated_at`, `created_by`, `updated_by`) VALUES
(1, 'John Doe', 'john.doe@example.com', 'American', 1, 1, 1, '1234567890', 'Male', 'O+', '1990-01-15', '', '2015-06-01', 0, '2025-03-23 16:29:57', '2025-03-23 16:29:57', 1, 1),
(2, 'Jane Smith', 'jane.smith@example.com', 'British', 2, 2, 2, '0987654321', 'Female', 'A+', '1988-07-22', '', '2016-08-10', 0, '2025-03-23 16:29:57', '2025-03-23 16:29:57', 2, 2),
(3, 'Alice Johnson', 'alice.johnson@example.com', 'Canadian', 3, 3, 3, '1122334455', 'Female', 'B-', '1992-04-10', '', '2018-05-15', 0, '2025-03-23 16:29:57', '2025-03-23 16:29:57', 3, 3),
(4, 'Michael Brown', 'michael.brown@example.com', 'Australian', 4, 4, 4, '6677889900', 'Male', 'AB+', '1995-09-30', '', '2019-07-22', 0, '2025-03-23 16:29:57', '2025-03-23 16:29:57', 4, 4),
(5, 'Chris White', 'chris.white@example.com', 'German', 5, 5, 5, '5566778899', 'Male', 'O-', '1993-06-18', '', '2017-03-05', 0, '2025-03-23 16:29:57', '2025-03-23 16:29:57', 5, 5),
(6, 'Emma Wilson', 'emma.wilson@example.com', 'French', 6, 6, 6, '3344556677', 'Female', 'A-', '1991-11-25', '', '2014-12-01', 0, '2025-03-23 16:29:57', '2025-03-23 16:29:57', 6, 6),
(7, 'Robert Green', 'robert.green@example.com', 'Spanish', 7, 7, 7, '7788990011', 'Male', 'B+', '1989-02-17', '', '2013-09-15', 0, '2025-03-23 16:29:57', '2025-03-23 16:29:57', 7, 7),
(8, 'Sophia Lewis', 'sophia.lewis@example.com', 'Italian', 8, 8, 8, '9988776655', 'Female', 'AB-', '1996-08-07', '', '2020-10-10', 0, '2025-03-23 16:29:57', '2025-03-23 16:29:57', 8, 8),
(9, 'abdullahLee', 'abdullah.lee@example.com', 'Chinese', 9, 9, 9, '4455667788', 'Male', 'O+', '1994-03-12', '', '2018-01-20', 0, '2025-03-23 16:29:57', '2025-03-23 16:31:04', 9, 9),
(10, 'Laura Adams', 'laura.adams@example.com', 'Japanese', 10, 10, 10, '2233445566', 'Female', 'A+', '1990-12-05', '', '2015-02-25', 0, '2025-03-23 16:29:57', '2025-03-23 16:29:57', 10, 10),
(11, 'Daniel Carter', 'daniel.carter@example.com', 'Indian', 1, 1, 1, '6677889901', 'Male', 'O+', '1987-05-14', '', '2012-07-05', 0, '2025-03-23 16:29:57', '2025-03-23 16:29:57', 1, 1),
(12, 'Sarah Scott', 'sarah.scott@example.com', 'Brazilian', 2, 2, 2, '1231231234', 'Female', 'A-', '1993-04-20', '', '2016-06-10', 0, '2025-03-23 16:29:57', '2025-03-23 16:29:57', 2, 2),
(13, 'Matthew Walker', 'matthew.walker@example.com', 'Russian', 3, 3, 3, '4321432143', 'Male', 'B+', '1998-11-19', '', '2021-09-30', 0, '2025-03-23 16:29:57', '2025-03-23 16:29:57', 3, 3),
(14, 'Olivia Young', 'olivia.young@example.com', 'Mexican', 4, 4, 4, '7897897890', 'Female', 'AB+', '1991-02-28', '', '2017-03-15', 0, '2025-03-23 16:29:57', '2025-03-23 16:29:57', 4, 4),
(15, 'James Allen', 'james.allen@example.com', 'South Korean', 5, 5, 5, '5675675678', 'Male', 'O-', '1992-07-07', '', '2018-05-05', 0, '2025-03-23 16:29:57', '2025-03-23 16:29:57', 5, 5),
(16, 'Ava Hernandez', 'ava.hernandez@example.com', 'Argentinian', 6, 6, 6, '2342342345', 'Female', 'A+', '1995-09-15', '', '2020-12-20', 0, '2025-03-23 16:29:57', '2025-03-23 16:29:57', 6, 6),
(17, 'Ethan King', 'ethan.king@example.com', 'Turkish', 7, 7, 7, '3453453456', 'Male', 'B-', '1994-01-10', '', '2019-04-25', 0, '2025-03-23 16:29:57', '2025-03-23 16:29:57', 7, 7),
(18, 'Mia Martin', 'mia.martin@example.com', 'Egyptian', 8, 8, 8, '4564564567', 'Female', 'AB-', '1988-06-21', '', '2013-08-30', 0, '2025-03-23 16:29:57', '2025-03-23 16:29:57', 8, 8),
(19, 'Benjamin White', 'benjamin.white@example.com', 'Saudi', 9, 9, 9, '5675675678', 'Male', 'O+', '1990-10-05', '', '2015-01-15', 0, '2025-03-23 16:29:57', '2025-03-23 16:29:57', 9, 9),
(20, 'Charlotte Thompson', 'charlotte.thompson@example.com', 'Indonesian', 10, 10, 10, '6786786789', 'Female', 'A-', '1996-03-12', '', '2021-07-01', 0, '2025-03-23 16:29:57', '2025-03-23 16:29:57', 10, 10),
(81, 'Mohammad Ali Abdullah', 'ali@gmail.com', 'Butani', 5, 1, 1, '01849378511', 'Male', 'A', '2025-04-21', 'Married', NULL, 1, '2025-04-20 12:08:55', '2025-04-20 12:14:47', NULL, NULL);

-- --------------------------------------------------------

--
-- Table structure for table `hr_job_titles`
--

CREATE TABLE `hr_job_titles` (
  `id` int(11) UNSIGNED NOT NULL,
  `title` varchar(255) NOT NULL,
  `created_at` timestamp NOT NULL DEFAULT current_timestamp(),
  `updated_at` timestamp NOT NULL DEFAULT current_timestamp() ON UPDATE current_timestamp(),
  `created_by` int(11) DEFAULT NULL,
  `updated_by` int(11) DEFAULT NULL
) ENGINE=InnoDB DEFAULT CHARSET=utf8mb4 COLLATE=utf8mb4_unicode_ci;

--
-- Dumping data for table `hr_job_titles`
--

INSERT INTO `hr_job_titles` (`id`, `title`, `created_at`, `updated_at`, `created_by`, `updated_by`) VALUES
(1, 'Manager', '2025-03-23 16:29:38', '2025-03-23 16:29:38', 1, 1),
(2, 'Assistant Manager', '2025-03-23 16:29:38', '2025-03-23 16:29:38', 2, 2),
(3, 'Senior Developer', '2025-03-23 16:29:38', '2025-03-23 16:29:38', 3, 3),
(4, 'Junior Developer', '2025-03-23 16:29:38', '2025-03-23 16:29:38', 4, 4),
(5, 'Accountant', '2025-03-23 16:29:38', '2025-03-23 16:29:38', 5, 5),
(6, 'HR Executive', '2025-03-23 16:29:38', '2025-03-23 16:29:38', 6, 6),
(7, 'Sales Executive', '2025-03-23 16:29:38', '2025-03-23 16:29:38', 7, 7),
(8, 'Marketing Specialist', '2025-03-23 16:29:38', '2025-03-23 16:29:38', 8, 8),
(9, 'Operations Coordinator', '2025-03-23 16:29:38', '2025-03-23 16:29:38', 9, 9),
(10, 'Legal Advisor', '2025-03-23 16:29:38', '2025-03-23 16:29:38', 10, 10);

-- --------------------------------------------------------

--
-- Table structure for table `hr_positions`
--

CREATE TABLE `hr_positions` (
  `id` int(11) UNSIGNED NOT NULL,
  `name` varchar(255) NOT NULL,
  `created_at` timestamp NOT NULL DEFAULT current_timestamp(),
  `updated_at` timestamp NOT NULL DEFAULT current_timestamp() ON UPDATE current_timestamp(),
  `created_by` int(11) DEFAULT NULL,
  `updated_by` int(11) DEFAULT NULL
) ENGINE=InnoDB DEFAULT CHARSET=utf8mb4 COLLATE=utf8mb4_unicode_ci;

--
-- Dumping data for table `hr_positions`
--

INSERT INTO `hr_positions` (`id`, `name`, `created_at`, `updated_at`, `created_by`, `updated_by`) VALUES
(1, 'Senior', '2025-03-23 16:29:47', '2025-03-23 16:29:47', 1, 1),
(2, 'Mid-Level', '2025-03-23 16:29:47', '2025-03-23 16:29:47', 2, 2),
(3, 'Junior', '2025-03-23 16:29:47', '2025-03-23 16:29:47', 3, 3),
(4, 'Intern', '2025-03-23 16:29:47', '2025-03-23 16:29:47', 4, 4),
(5, 'Executive', '2025-03-23 16:29:47', '2025-03-23 16:29:47', 5, 5),
(6, 'Coordinator', '2025-03-23 16:29:47', '2025-03-23 16:29:47', 6, 6),
(7, 'Lead', '2025-03-23 16:29:47', '2025-03-23 16:29:47', 7, 7),
(8, 'Analyst', '2025-03-23 16:29:47', '2025-03-23 16:29:47', 8, 8),
(9, 'Officer', '2025-03-23 16:29:47', '2025-03-23 16:29:47', 9, 9),
(10, 'Specialist', '2025-03-23 16:29:47', '2025-03-23 16:29:47', 10, 10);

-- --------------------------------------------------------

--
-- Table structure for table `jobs`
--

CREATE TABLE `jobs` (
  `id` bigint(20) UNSIGNED NOT NULL,
  `queue` varchar(255) NOT NULL,
  `payload` longtext NOT NULL,
  `attempts` tinyint(3) UNSIGNED NOT NULL,
  `reserved_at` int(10) UNSIGNED DEFAULT NULL,
  `available_at` int(10) UNSIGNED NOT NULL,
  `created_at` int(10) UNSIGNED NOT NULL
) ENGINE=InnoDB DEFAULT CHARSET=utf8mb4 COLLATE=utf8mb4_unicode_ci;

-- --------------------------------------------------------

--
-- Table structure for table `job_batches`
--

CREATE TABLE `job_batches` (
  `id` varchar(255) NOT NULL,
  `name` varchar(255) NOT NULL,
  `total_jobs` int(11) NOT NULL,
  `pending_jobs` int(11) NOT NULL,
  `failed_jobs` int(11) NOT NULL,
  `failed_job_ids` longtext NOT NULL,
  `options` mediumtext DEFAULT NULL,
  `cancelled_at` int(11) DEFAULT NULL,
  `created_at` int(11) NOT NULL,
  `finished_at` int(11) DEFAULT NULL
) ENGINE=InnoDB DEFAULT CHARSET=utf8mb4 COLLATE=utf8mb4_unicode_ci;

-- --------------------------------------------------------

--
-- Table structure for table `migrations`
--

CREATE TABLE `migrations` (
  `id` int(10) UNSIGNED NOT NULL,
  `migration` varchar(255) NOT NULL,
  `batch` int(11) NOT NULL
) ENGINE=InnoDB DEFAULT CHARSET=utf8mb4 COLLATE=utf8mb4_unicode_ci;

--
-- Dumping data for table `migrations`
--

INSERT INTO `migrations` (`id`, `migration`, `batch`) VALUES
(1, '0001_01_01_000000_create_users_table', 1),
(2, '0001_01_01_000001_create_cache_table', 1),
(3, '0001_01_01_000002_create_jobs_table', 1);

-- --------------------------------------------------------

--
-- Table structure for table `orders`
--

CREATE TABLE `orders` (
  `id` int(10) UNSIGNED NOT NULL,
  `order_no` varchar(50) CHARACTER SET utf8 COLLATE utf8_general_ci NOT NULL,
  `customer_id` int(10) UNSIGNED NOT NULL,
  `order_date` timestamp NOT NULL DEFAULT current_timestamp(),
  `shipping_address` text DEFAULT NULL,
  `billing_address` text DEFAULT NULL,
  `sub_amount` decimal(12,2) NOT NULL,
  `discount_amount` decimal(12,2) DEFAULT 0.00,
  `tax_amount` decimal(12,2) DEFAULT 0.00,
  `shipping_fee` decimal(12,2) DEFAULT 0.00,
  `total_amount` decimal(12,2) GENERATED ALWAYS AS (`sub_amount` - `discount_amount` + `tax_amount` + `shipping_fee`) STORED,
  `paid_amount` decimal(12,2) DEFAULT NULL,
  `status` enum('Pending','Processing','Shipped','Delivered','Payment','Cancelled','Refunded') DEFAULT 'Pending',
  `created_by` int(11) DEFAULT NULL,
  `updated_by` int(11) DEFAULT NULL,
  `created_at` timestamp NULL DEFAULT NULL,
  `updated_at` timestamp NULL DEFAULT NULL,
  `invoice_status` tinyint(1) DEFAULT 1 COMMENT ' 1 = website, 2 = admin panel'
) ENGINE=InnoDB DEFAULT CHARSET=utf8 COLLATE=utf8_unicode_ci;

--
-- Dumping data for table `orders`
--

INSERT INTO `orders` (`id`, `order_no`, `customer_id`, `order_date`, `shipping_address`, `billing_address`, `sub_amount`, `discount_amount`, `tax_amount`, `shipping_fee`, `paid_amount`, `status`, `created_by`, `updated_by`, `created_at`, `updated_at`, `invoice_status`) VALUES
(3, 'ORD-00000001', 61, '2024-12-13 10:41:53', NULL, NULL, 5000.00, 0.00, 0.00, 50.00, 5050.00, 'Payment', NULL, NULL, '2024-12-13 10:41:53', '2025-01-04 13:25:37', 1),
(4, '20241213165821-61', 61, '2024-12-13 10:58:21', NULL, NULL, 4100.00, 0.00, 0.00, 50.00, NULL, 'Pending', NULL, NULL, '2024-12-13 10:58:21', '2024-12-13 10:58:21', 1),
(5, '20241213165936061', 61, '2024-12-13 10:59:36', NULL, NULL, 1450.00, 0.00, 0.00, 50.00, 1500.00, 'Payment', NULL, NULL, '2024-12-13 10:59:36', '2025-01-05 08:53:56', 1),
(6, '20241213170208061', 61, '2024-12-13 11:02:08', NULL, NULL, 4100.00, 0.00, 0.00, 50.00, NULL, 'Shipped', NULL, NULL, '2024-12-13 11:02:08', '2024-12-27 12:37:35', 1),
(9, '20241213171411061', 61, '2024-12-13 11:14:11', NULL, NULL, 700.00, 0.00, 0.00, 50.00, 750.00, 'Payment', NULL, NULL, '2024-12-13 11:14:11', '2025-01-05 10:49:39', 1),
(10, '20241213171625061', 61, '2024-12-13 11:16:25', NULL, NULL, 950.00, 0.00, 0.00, 50.00, 1000.00, 'Payment', NULL, NULL, '2024-12-13 11:16:25', '2025-01-05 12:26:30', 1),
(11, '20241213172200061', 61, '2024-12-13 11:22:00', NULL, NULL, 700.00, 0.00, 0.00, 50.00, 750.00, 'Payment', NULL, NULL, '2024-12-13 11:22:00', '2025-01-05 11:02:13', 1),
(12, '20241213172206061', 61, '2024-12-13 11:22:06', NULL, NULL, 700.00, 0.00, 0.00, 50.00, NULL, 'Pending', NULL, NULL, '2024-12-13 11:22:06', '2024-12-13 11:22:06', 1),
(13, '20241213172230061', 61, '2024-12-13 11:22:30', NULL, NULL, 700.00, 0.00, 0.00, 50.00, 750.00, 'Payment', NULL, NULL, '2024-12-13 11:22:30', '2025-01-05 12:14:21', 1),
(14, '20241213175910061', 61, '2024-12-13 11:59:10', NULL, NULL, 700.00, 0.00, 0.00, 50.00, NULL, 'Pending', NULL, NULL, '2024-12-13 11:59:10', '2024-12-13 11:59:10', 1),
(15, '20241213180059061', 61, '2024-12-13 12:00:59', NULL, NULL, 1500.00, 0.00, 0.00, 50.00, NULL, 'Pending', NULL, NULL, '2024-12-13 12:00:59', '2024-12-13 12:00:59', 1),
(16, '14122024170100061', 61, '2024-12-14 11:01:00', NULL, NULL, 3100.00, 0.00, 0.00, 50.00, 2100.00, 'Payment', NULL, NULL, '2024-12-14 11:01:00', '2025-01-05 11:57:15', 1),
(17, '24012025160636063', 63, '2025-01-24 10:06:36', NULL, NULL, 2870.00, 0.00, 0.00, 50.00, 2470.00, 'Payment', NULL, NULL, '2025-01-24 10:06:36', '2025-02-16 12:29:54', 1),
(18, '25012025190334063', 63, '2025-01-25 13:03:34', NULL, NULL, 20510.00, 0.00, 0.00, 50.00, NULL, 'Pending', NULL, NULL, '2025-01-25 13:03:34', '2025-01-25 13:03:34', 1),
(19, '03022025184951063', 63, '2025-02-03 12:49:51', NULL, NULL, 19210.00, 0.00, 0.00, 50.00, NULL, 'Pending', NULL, NULL, '2025-02-03 12:49:51', '2025-02-03 12:49:51', 1),
(20, '03022025185122063', 63, '2025-02-03 12:51:22', NULL, NULL, 8310.00, 0.00, 0.00, 50.00, 1100.00, 'Payment', NULL, NULL, '2025-02-03 12:51:22', '2025-02-03 13:23:22', 1),
(21, '03022025185225063', 63, '2025-02-03 12:52:25', NULL, NULL, 19210.00, 0.00, 0.00, 50.00, 19260.00, 'Payment', NULL, NULL, '2025-02-03 12:52:25', '2025-02-03 13:08:34', 1),
(22, '16022025181500061', 61, '2025-02-16 12:15:00', NULL, NULL, 1210.00, 0.00, 0.00, 50.00, NULL, 'Shipped', NULL, NULL, '2025-02-16 12:15:00', '2025-02-16 12:27:06', 1),
(23, '19022025193510061', 61, '2025-02-19 13:35:10', 'noakhali@Maijdee court@Cash on Delivery Payment Method', NULL, 1210.00, 0.00, 0.00, 50.00, NULL, 'Pending', NULL, NULL, '2025-02-19 13:35:10', '2025-02-19 13:35:10', 1),
(24, '21022025015155061', 61, '2025-02-20 19:51:55', 'chittagong@Maijdee Court@Mohila collage road.', NULL, 1210.00, 0.00, 0.00, 50.00, NULL, 'Pending', NULL, NULL, '2025-02-20 19:51:55', '2025-02-20 19:51:55', 1),
(25, '21022025015640061', 61, '2025-02-20 19:56:40', 'mymensingh@trisal@abdullah road', NULL, 1210.00, 0.00, 0.00, 50.00, NULL, 'Pending', NULL, NULL, '2025-02-20 19:56:40', '2025-02-20 19:56:40', 1),
(26, '21022025021725061', 61, '2025-02-20 20:17:25', 'rangpur@Potni tola@Abu sayed squre', NULL, 410.00, 0.00, 0.00, 50.00, NULL, 'Pending', NULL, NULL, '2025-02-20 20:17:25', '2025-02-20 20:17:25', 1),
(27, '21022025021908061', 61, '2025-02-20 20:19:08', 'rangpur@Potni tola@Abu sayed squre', NULL, 410.00, 0.00, 0.00, 50.00, NULL, 'Pending', NULL, NULL, '2025-02-20 20:19:08', '2025-02-20 20:19:08', 1),
(28, '22022025170212064', 64, '2025-02-22 11:02:12', 'noakhali@Senbag@Rastarar matha', NULL, 4710.00, 0.00, 0.00, 50.00, NULL, 'Pending', NULL, NULL, '2025-02-22 11:02:12', '2025-02-22 11:02:12', 1),
(30, '24022025160918061', 61, '2025-02-24 10:09:18', 'rangpur@Potni tola@Abu sayed squre', NULL, 4710.00, 0.00, 0.00, 50.00, NULL, 'Pending', NULL, NULL, '2025-02-24 10:09:18', '2025-02-24 10:09:18', 1),
(31, '24022025161133031', 31, '2025-02-24 10:11:33', NULL, NULL, 4010.00, 0.00, 200.50, 0.00, NULL, 'Delivered', NULL, NULL, '2025-02-24 10:11:33', '2025-02-24 10:11:33', 1),
(32, '24022025173740031', 31, '2025-02-24 11:37:40', NULL, NULL, 2950.00, 0.00, 147.50, 0.00, NULL, 'Delivered', NULL, NULL, '2025-02-24 11:37:40', '2025-02-24 11:37:40', 1),
(53, '24022025183711031', 31, '2025-02-24 12:37:11', NULL, NULL, 2550.00, 0.00, 127.50, 0.00, NULL, 'Delivered', NULL, NULL, '2025-02-24 12:37:11', '2025-02-24 12:37:11', 1),
(55, '24022025184722031', 31, '2025-02-24 12:47:22', NULL, NULL, 4250.00, 0.00, 212.50, 0.00, 2000.00, 'Delivered', NULL, NULL, '2025-02-24 12:47:22', '2025-02-24 12:47:22', 1),
(56, '24022025185053031', 31, '2025-02-24 12:50:53', NULL, NULL, 6000.00, 0.00, 300.00, 0.00, 5600.00, 'Delivered', NULL, NULL, '2025-02-24 12:50:53', '2025-02-24 12:50:53', 1),
(57, '24022025185544031', 31, '2025-02-24 12:55:44', NULL, NULL, 2500.00, 0.00, 125.00, 0.00, 120.00, 'Delivered', NULL, NULL, '2025-02-24 12:55:44', '2025-02-24 12:55:44', 1),
(63, '24022025190710031', 31, '2025-02-24 13:07:10', NULL, NULL, 2900.00, 0.00, 145.00, 0.00, NULL, 'Delivered', NULL, NULL, '2025-02-24 13:07:10', '2025-02-24 13:07:10', 1),
(64, '24022025191918061', 61, '2025-02-24 13:19:18', 'rangpur@Potni tola@Abu sayed squre', NULL, 4710.00, 0.00, 0.00, 50.00, NULL, 'Pending', NULL, NULL, '2025-02-24 13:19:18', '2025-02-24 13:19:18', 1),
(65, '24022025192438031', 31, '2025-02-24 13:24:38', NULL, NULL, 12760.00, 0.00, 638.00, 0.00, 15000.00, 'Delivered', NULL, NULL, '2025-02-24 13:24:38', '2025-02-24 13:24:38', 1),
(66, '24022025192453031', 31, '2025-02-24 13:24:53', NULL, NULL, 12760.00, 0.00, 638.00, 0.00, 15000.00, 'Delivered', NULL, NULL, '2025-02-24 13:24:53', '2025-02-24 13:24:53', 1),
(67, '24022025192537031', 31, '2025-02-24 13:25:37', NULL, NULL, 12760.00, 0.00, 638.00, 0.00, 15500.00, 'Delivered', NULL, NULL, '2025-02-24 13:25:37', '2025-02-24 13:25:37', 1),
(68, '24022025192625031', 31, '2025-02-24 13:26:25', NULL, NULL, 12760.00, 0.00, 638.00, 0.00, 15500.00, 'Delivered', NULL, NULL, '2025-02-24 13:26:25', '2025-02-24 13:26:25', 1),
(69, '24022025192721031', 31, '2025-02-24 13:27:21', NULL, NULL, 12760.00, 0.00, 638.00, 0.00, 15500.00, 'Delivered', NULL, NULL, '2025-02-24 13:27:21', '2025-02-24 13:27:21', 1),
(70, '24022025192726031', 31, '2025-02-24 13:27:26', NULL, NULL, 12760.00, 0.00, 638.00, 0.00, 15500.00, 'Delivered', NULL, NULL, '2025-02-24 13:27:26', '2025-02-24 13:27:26', 1),
(73, '24022025192931031', 31, '2025-02-24 13:29:31', NULL, NULL, 12760.00, 0.00, 638.00, 0.00, 15500.00, 'Delivered', NULL, NULL, '2025-02-24 13:29:31', '2025-02-24 13:29:31', 1),
(74, '24022025192953031', 31, '2025-02-24 13:29:53', NULL, NULL, 12760.00, 0.00, 638.00, 0.00, 15500.00, 'Delivered', NULL, NULL, '2025-02-24 13:29:53', '2025-02-24 13:29:53', 1),
(75, '24022025193036031', 31, '2025-02-24 13:30:36', NULL, NULL, 12760.00, 0.00, 638.00, 0.00, 15500.00, 'Delivered', NULL, NULL, '2025-02-24 13:30:36', '2025-02-24 13:30:36', 1),
(76, '24022025193040031', 31, '2025-02-24 13:30:40', NULL, NULL, 12760.00, 0.00, 638.00, 0.00, 15500.00, 'Delivered', NULL, NULL, '2025-02-24 13:30:40', '2025-02-24 13:30:40', 1),
(77, '24022025193237031', 31, '2025-02-24 13:32:37', NULL, NULL, 12760.00, 0.00, 638.00, 0.00, 15500.00, 'Delivered', NULL, NULL, '2025-02-24 13:32:37', '2025-02-24 13:32:37', 1),
(78, '24022025193245031', 31, '2025-02-24 13:32:45', NULL, NULL, 12760.00, 0.00, 638.00, 0.00, 23000.00, 'Delivered', NULL, NULL, '2025-02-24 13:32:45', '2025-02-24 13:32:45', 1),
(79, '24022025193306031', 31, '2025-02-24 13:33:06', NULL, NULL, 12760.00, 0.00, 638.00, 0.00, NULL, 'Delivered', NULL, NULL, '2025-02-24 13:33:06', '2025-02-24 13:33:06', 1),
(80, '24022025193405031', 31, '2025-02-24 13:34:05', NULL, NULL, 12760.00, 0.00, 638.00, 0.00, NULL, 'Delivered', NULL, NULL, '2025-02-24 13:34:05', '2025-02-24 13:34:05', 1),
(81, '24022025193728061', 61, '2025-02-24 13:37:28', 'rangpur@Potni tola@Abu sayed squre', NULL, 2760.00, 0.00, 0.00, 50.00, NULL, 'Pending', NULL, NULL, '2025-02-24 13:37:28', '2025-02-24 13:37:28', 1),
(82, '24022025193941061', 61, '2025-02-24 13:39:41', 'rangpur@Potni tola@Abu sayed squre', NULL, 1060.00, 0.00, 0.00, 50.00, NULL, 'Pending', NULL, NULL, '2025-02-24 13:39:41', '2025-02-24 13:39:41', 1),
(83, '24022025193948031', 31, '2025-02-24 13:39:48', NULL, NULL, 12760.00, 0.00, 638.00, 0.00, NULL, 'Delivered', NULL, NULL, '2025-02-24 13:39:48', '2025-02-24 13:39:48', 1),
(84, '24022025194005031', 31, '2025-02-24 13:40:05', NULL, NULL, 3050.00, 0.00, 152.50, 0.00, NULL, 'Delivered', NULL, NULL, '2025-02-24 13:40:05', '2025-02-24 13:40:05', 1),
(85, '24022025194010031', 31, '2025-02-24 13:40:10', NULL, NULL, 3050.00, 0.00, 152.50, 0.00, NULL, 'Delivered', NULL, NULL, '2025-02-24 13:40:10', '2025-02-24 13:40:10', 1),
(86, '24022025194044031', 31, '2025-02-24 13:40:44', NULL, NULL, 3050.00, 0.00, 152.50, 0.00, NULL, 'Delivered', NULL, NULL, '2025-02-24 13:40:44', '2025-02-24 13:40:44', 1),
(87, '24022025194101031', 31, '2025-02-24 13:41:01', NULL, NULL, 1850.00, 0.00, 92.50, 0.00, NULL, 'Delivered', NULL, NULL, '2025-02-24 13:41:01', '2025-02-24 13:41:01', 1),
(88, '25022025171454031', 31, '2025-02-25 11:14:54', NULL, NULL, 3050.00, 400.00, 152.50, 0.00, 3200.00, 'Delivered', NULL, NULL, '2025-02-25 11:14:54', '2025-02-25 11:14:55', 1),
(89, '26022025155537031', 31, '2025-02-26 09:55:37', NULL, NULL, 2100.00, 0.00, 105.00, 0.00, 520.00, 'Delivered', NULL, NULL, '2025-02-26 09:55:37', '2025-02-26 09:55:38', 1),
(91, '26022025172146031', 31, '2025-02-26 11:21:46', NULL, NULL, 12700.00, 0.00, 635.00, 0.00, NULL, 'Delivered', NULL, NULL, '2025-02-26 11:21:46', '2025-02-26 11:21:46', 1),
(94, '26022025172903031', 31, '2025-02-26 11:29:03', NULL, NULL, 15900.00, 0.00, 795.00, 0.00, 264.00, 'Delivered', NULL, NULL, '2025-02-26 11:29:03', '2025-02-26 11:29:03', 1),
(95, '26022025182305061', 61, '2025-02-26 12:23:05', NULL, NULL, 9900.00, 0.00, 0.00, 50.00, NULL, 'Pending', NULL, NULL, '2025-02-26 12:23:05', '2025-02-26 12:23:05', 1),
(96, '26022025183106061', 61, '2025-02-26 12:31:06', 'rangpur@Potni tola@Abu sayed squre', NULL, 4930.00, 0.00, 0.00, 50.00, NULL, 'Pending', NULL, NULL, '2025-02-26 12:31:06', '2025-02-26 12:31:06', 1),
(97, '26022025183323031', 31, '2025-02-26 12:33:23', NULL, NULL, 19860.00, 600.00, 993.00, 0.00, 20253.00, 'Payment', NULL, NULL, '2025-02-26 12:33:23', '2025-02-26 12:35:26', 1),
(98, '28022025043342031', 31, '2025-02-27 22:33:42', NULL, NULL, 4750.00, 800.00, 237.50, 0.00, 23900.00, 'Delivered', NULL, NULL, '2025-02-27 22:33:42', '2025-02-27 22:33:42', 1),
(99, '28022025043756031', 31, '2025-02-27 22:37:56', NULL, NULL, 4250.00, 0.00, 212.50, 0.00, 900.00, 'Delivered', NULL, NULL, '2025-02-27 22:37:56', '2025-02-27 22:37:56', 1),
(100, '28022025043823031', 31, '2025-02-27 22:38:23', NULL, NULL, 3300.00, 0.00, 165.00, 0.00, 1400.00, 'Delivered', NULL, NULL, '2025-02-27 22:38:23', '2025-02-27 22:38:23', 1),
(101, '28022025055907031', 31, '2025-02-27 23:59:07', NULL, NULL, 27860.00, 253.00, 1393.00, 0.00, 29500.00, 'Delivered', NULL, NULL, '2025-02-27 23:59:07', '2025-02-27 23:59:07', 1),
(102, '28022025060108031', 31, '2025-02-28 00:01:08', NULL, NULL, 3450.00, 253.00, 172.50, 0.00, NULL, 'Delivered', NULL, NULL, '2025-02-28 00:01:08', '2025-02-28 00:01:08', 1),
(103, '28022025060139031', 31, '2025-02-28 00:01:39', NULL, NULL, 750.00, 253.00, 37.50, 0.00, NULL, 'Delivered', NULL, NULL, '2025-02-28 00:01:39', '2025-02-28 00:01:39', 1),
(104, '28022025060157031', 31, '2025-02-28 00:01:57', NULL, NULL, 1650.00, 253.00, 82.50, 0.00, NULL, 'Delivered', NULL, NULL, '2025-02-28 00:01:57', '2025-02-28 00:01:57', 1),
(105, '28022025061844031', 31, '2025-02-28 00:18:44', NULL, NULL, 2750.00, 0.00, 137.50, 0.00, NULL, 'Delivered', NULL, NULL, '2025-02-28 00:18:44', '2025-02-28 00:18:44', 1),
(106, '28022025102428068', 68, '2025-02-28 04:24:28', NULL, NULL, 1950.00, 0.00, 97.50, 0.00, NULL, 'Delivered', NULL, NULL, '2025-02-28 04:24:28', '2025-02-28 04:24:28', 1),
(107, '28022025102915069', 69, '2025-02-28 04:29:15', NULL, NULL, 2800.00, 0.00, 140.00, 0.00, NULL, 'Delivered', NULL, NULL, '2025-02-28 04:29:15', '2025-02-28 04:29:15', 1),
(108, '28022025103421070', 70, '2025-02-28 04:34:21', NULL, NULL, 1950.00, 0.00, 97.50, 0.00, NULL, 'Delivered', NULL, NULL, '2025-02-28 04:34:21', '2025-02-28 04:34:21', 1),
(109, '28022025173043031', 31, '2025-02-28 11:30:43', NULL, NULL, 10850.00, 0.00, 542.50, 0.00, NULL, 'Delivered', NULL, NULL, '2025-02-28 11:30:43', '2025-02-28 11:30:43', 1),
(110, '01032025053419031', 31, '2025-02-28 23:34:19', NULL, NULL, 3200.00, 500.00, 160.00, 0.00, 100.00, 'Delivered', NULL, NULL, '2025-02-28 23:34:19', '2025-02-28 23:34:19', 1),
(111, '01032025053441031', 31, '2025-02-28 23:34:41', NULL, NULL, 3200.00, 500.00, 160.00, 0.00, 100.00, 'Delivered', NULL, NULL, '2025-02-28 23:34:41', '2025-02-28 23:34:41', 1),
(112, '01032025054351031', 31, '2025-02-28 23:43:51', NULL, NULL, 2850.00, 0.00, 142.50, 0.00, NULL, 'Delivered', NULL, NULL, '2025-02-28 23:43:51', '2025-02-28 23:43:51', 1),
(113, '01032025055119031', 31, '2025-02-28 23:51:19', NULL, NULL, 2850.00, 0.00, 142.50, 0.00, NULL, 'Delivered', NULL, NULL, '2025-02-28 23:51:19', '2025-02-28 23:51:19', 1),
(114, '01032025055646031', 31, '2025-02-28 23:56:46', NULL, NULL, 1600.00, 0.00, 80.00, 0.00, NULL, 'Delivered', NULL, NULL, '2025-02-28 23:56:46', '2025-02-28 23:56:46', 1),
(115, '01032025061146031', 31, '2025-03-01 00:11:46', NULL, NULL, 3500.00, 0.00, 175.00, 0.00, NULL, 'Delivered', NULL, NULL, '2025-03-01 00:11:46', '2025-03-01 00:11:46', 1),
(116, '01032025062403031', 31, '2025-03-01 00:24:03', NULL, NULL, 2250.00, 0.00, 112.50, 0.00, NULL, 'Delivered', NULL, NULL, '2025-03-01 00:24:03', '2025-03-01 00:24:03', 1),
(117, '01062521031', 31, '2025-03-01 00:25:21', NULL, NULL, 2400.00, 0.00, 120.00, 0.00, NULL, 'Delivered', NULL, NULL, '2025-03-01 00:25:21', '2025-03-01 00:25:21', 1),
(118, '2025-0001', 31, '2025-03-01 00:36:55', NULL, NULL, 2100.00, 0.00, 105.00, 0.00, NULL, 'Delivered', NULL, NULL, '2025-03-01 00:36:55', '2025-03-01 00:36:55', 1),
(120, '2025-119', 31, '2025-03-01 00:38:41', NULL, NULL, 1000.00, 0.00, 50.00, 0.00, NULL, 'Delivered', NULL, NULL, '2025-03-01 00:38:41', '2025-03-01 00:38:41', 1),
(121, '2025-121', 31, '2025-03-01 00:39:38', NULL, NULL, 950.00, 0.00, 47.50, 0.00, NULL, 'Delivered', NULL, NULL, '2025-03-01 00:39:38', '2025-03-01 00:39:38', 1),
(122, '2025-122', 31, '2025-03-01 00:39:43', NULL, NULL, 700.00, 0.00, 35.00, 0.00, NULL, 'Delivered', NULL, NULL, '2025-03-01 00:39:43', '2025-03-01 00:39:43', 1),
(123, '2025-123', 31, '2025-03-01 00:42:34', NULL, NULL, 700.00, 0.00, 35.00, 0.00, NULL, 'Delivered', NULL, NULL, '2025-03-01 00:42:34', '2025-03-01 00:42:34', 1),
(124, '2025-124', 31, '2025-03-01 00:43:09', NULL, NULL, 1100.00, 0.00, 55.00, 0.00, NULL, 'Delivered', NULL, NULL, '2025-03-01 00:43:09', '2025-03-01 00:43:09', 1),
(125, '2025-125', 31, '2025-03-01 00:43:47', NULL, NULL, 1300.00, 0.00, 65.00, 0.00, NULL, 'Delivered', NULL, NULL, '2025-03-01 00:43:47', '2025-03-01 00:43:47', 1),
(130, '0103250126', 31, '2025-03-01 00:54:24', NULL, NULL, 2000.00, 0.00, 100.00, 0.00, NULL, 'Delivered', NULL, NULL, '2025-03-01 00:54:24', '2025-03-01 00:54:24', 1),
(131, '0103250131', 31, '2025-03-01 00:56:14', NULL, NULL, 3050.00, 0.00, 152.50, 0.00, NULL, 'Delivered', NULL, NULL, '2025-03-01 00:56:14', '2025-03-01 00:56:14', 1),
(132, '0103250132', 31, '2025-03-01 11:07:20', NULL, NULL, 6520.00, 0.00, 326.00, 0.00, NULL, 'Delivered', NULL, NULL, '2025-03-01 11:07:20', '2025-03-01 11:07:20', 1),
(133, '2704250133', 31, '2025-04-27 09:34:54', NULL, NULL, 400.00, 0.00, 20.00, 0.00, NULL, 'Delivered', NULL, NULL, '2025-04-27 09:34:54', '2025-04-27 09:34:54', 1);

-- --------------------------------------------------------

--
-- Table structure for table `order_details`
--

CREATE TABLE `order_details` (
  `id` int(10) UNSIGNED NOT NULL,
  `order_id` int(10) UNSIGNED NOT NULL,
  `product_id` int(10) UNSIGNED NOT NULL,
  `variant_id` int(10) DEFAULT NULL,
  `quantity` int(10) NOT NULL,
  `price` decimal(12,2) NOT NULL,
  `total_price` decimal(12,2) GENERATED ALWAYS AS (`quantity` * `price`) STORED,
  `created_by` int(11) DEFAULT NULL,
  `updated_by` int(11) DEFAULT NULL,
  `created_at` timestamp NULL DEFAULT NULL,
  `updated_at` timestamp NULL DEFAULT NULL
) ENGINE=InnoDB DEFAULT CHARSET=utf8 COLLATE=utf8_unicode_ci;

--
-- Dumping data for table `order_details`
--

INSERT INTO `order_details` (`id`, `order_id`, `product_id`, `variant_id`, `quantity`, `price`, `created_by`, `updated_by`, `created_at`, `updated_at`) VALUES
(11, 3, 1, NULL, 1, 700.00, NULL, NULL, '2024-12-13 10:41:53', '2024-12-13 10:41:53'),
(12, 3, 2, NULL, 1, 800.00, NULL, NULL, '2024-12-13 10:41:53', '2024-12-13 10:41:53'),
(13, 3, 3, NULL, 1, 650.00, NULL, NULL, '2024-12-13 10:41:53', '2024-12-13 10:41:53'),
(14, 3, 4, NULL, 1, 950.00, NULL, NULL, '2024-12-13 10:41:53', '2024-12-13 10:41:53'),
(15, 3, 5, NULL, 1, 1000.00, NULL, NULL, '2024-12-13 10:41:53', '2024-12-13 10:41:53'),
(16, 3, 6, NULL, 1, 900.00, NULL, NULL, '2024-12-13 10:41:53', '2024-12-13 10:41:53'),
(17, 4, 1, NULL, 1, 700.00, NULL, NULL, '2024-12-13 10:58:21', '2024-12-13 10:58:21'),
(18, 4, 2, NULL, 1, 800.00, NULL, NULL, '2024-12-13 10:58:21', '2024-12-13 10:58:21'),
(19, 4, 3, NULL, 1, 650.00, NULL, NULL, '2024-12-13 10:58:21', '2024-12-13 10:58:21'),
(20, 4, 4, NULL, 1, 950.00, NULL, NULL, '2024-12-13 10:58:21', '2024-12-13 10:58:21'),
(21, 4, 5, NULL, 1, 1000.00, NULL, NULL, '2024-12-13 10:58:21', '2024-12-13 10:58:21'),
(22, 5, 2, NULL, 1, 800.00, NULL, NULL, '2024-12-13 10:59:36', '2024-12-13 10:59:36'),
(23, 5, 3, NULL, 1, 650.00, NULL, NULL, '2024-12-13 10:59:36', '2024-12-13 10:59:36'),
(24, 6, 1, NULL, 1, 700.00, NULL, NULL, '2024-12-13 11:02:08', '2024-12-13 11:02:08'),
(25, 6, 2, NULL, 1, 800.00, NULL, NULL, '2024-12-13 11:02:08', '2024-12-13 11:02:08'),
(26, 6, 3, NULL, 1, 650.00, NULL, NULL, '2024-12-13 11:02:08', '2024-12-13 11:02:08'),
(27, 6, 4, NULL, 1, 950.00, NULL, NULL, '2024-12-13 11:02:08', '2024-12-13 11:02:08'),
(28, 6, 5, NULL, 1, 1000.00, NULL, NULL, '2024-12-13 11:02:08', '2024-12-13 11:02:08'),
(29, 9, 1, NULL, 1, 700.00, NULL, NULL, '2024-12-13 11:14:11', '2024-12-13 11:14:11'),
(30, 10, 4, NULL, 1, 950.00, NULL, NULL, '2024-12-13 11:16:25', '2024-12-13 11:16:25'),
(31, 11, 1, NULL, 1, 700.00, NULL, NULL, '2024-12-13 11:22:00', '2024-12-13 11:22:00'),
(32, 12, 1, NULL, 1, 700.00, NULL, NULL, '2024-12-13 11:22:06', '2024-12-13 11:22:06'),
(33, 13, 1, NULL, 1, 700.00, NULL, NULL, '2024-12-13 11:22:30', '2024-12-13 11:22:30'),
(34, 14, 1, NULL, 1, 700.00, NULL, NULL, '2024-12-13 11:59:10', '2024-12-13 11:59:10'),
(35, 15, 1, NULL, 1, 700.00, NULL, NULL, '2024-12-13 12:00:59', '2024-12-13 12:00:59'),
(36, 15, 2, NULL, 1, 800.00, NULL, NULL, '2024-12-13 12:00:59', '2024-12-13 12:00:59'),
(37, 16, 1, NULL, 1, 700.00, NULL, NULL, '2024-12-14 11:01:00', '2024-12-14 11:01:00'),
(38, 16, 2, NULL, 1, 800.00, NULL, NULL, '2024-12-14 11:01:00', '2024-12-14 11:01:00'),
(39, 16, 3, NULL, 1, 650.00, NULL, NULL, '2024-12-14 11:01:00', '2024-12-14 11:01:00'),
(40, 16, 4, NULL, 1, 950.00, NULL, NULL, '2024-12-14 11:01:00', '2024-12-14 11:01:00'),
(41, 17, 1, NULL, 7, 410.00, NULL, NULL, '2025-01-24 10:06:36', '2025-01-24 10:06:36'),
(42, 18, 2, NULL, 1, 800.00, NULL, NULL, '2025-01-25 13:03:34', '2025-01-25 13:03:34'),
(43, 18, 3, NULL, 1, 650.00, NULL, NULL, '2025-01-25 13:03:34', '2025-01-25 13:03:34'),
(44, 18, 1, NULL, 1, 410.00, NULL, NULL, '2025-01-25 13:03:34', '2025-01-25 13:03:34'),
(45, 18, 4, NULL, 1, 950.00, NULL, NULL, '2025-01-25 13:03:34', '2025-01-25 13:03:34'),
(46, 18, 5, NULL, 1, 1000.00, NULL, NULL, '2025-01-25 13:03:34', '2025-01-25 13:03:34'),
(47, 18, 6, NULL, 1, 900.00, NULL, NULL, '2025-01-25 13:03:34', '2025-01-25 13:03:34'),
(48, 18, 7, NULL, 1, 1100.00, NULL, NULL, '2025-01-25 13:03:34', '2025-01-25 13:03:34'),
(49, 18, 8, NULL, 1, 1200.00, NULL, NULL, '2025-01-25 13:03:34', '2025-01-25 13:03:34'),
(50, 18, 9, NULL, 1, 1300.00, NULL, NULL, '2025-01-25 13:03:34', '2025-01-25 13:03:34'),
(51, 18, 10, NULL, 1, 750.00, NULL, NULL, '2025-01-25 13:03:34', '2025-01-25 13:03:34'),
(52, 18, 11, NULL, 1, 950.00, NULL, NULL, '2025-01-25 13:03:34', '2025-01-25 13:03:34'),
(53, 18, 12, NULL, 1, 900.00, NULL, NULL, '2025-01-25 13:03:34', '2025-01-25 13:03:34'),
(54, 18, 13, NULL, 1, 1100.00, NULL, NULL, '2025-01-25 13:03:34', '2025-01-25 13:03:34'),
(55, 18, 14, NULL, 1, 1200.00, NULL, NULL, '2025-01-25 13:03:34', '2025-01-25 13:03:34'),
(56, 18, 15, NULL, 1, 1050.00, NULL, NULL, '2025-01-25 13:03:34', '2025-01-25 13:03:34'),
(57, 18, 16, NULL, 1, 700.00, NULL, NULL, '2025-01-25 13:03:34', '2025-01-25 13:03:34'),
(58, 18, 17, NULL, 1, 1300.00, NULL, NULL, '2025-01-25 13:03:34', '2025-01-25 13:03:34'),
(59, 18, 18, NULL, 1, 850.00, NULL, NULL, '2025-01-25 13:03:34', '2025-01-25 13:03:34'),
(60, 18, 19, NULL, 1, 1000.00, NULL, NULL, '2025-01-25 13:03:34', '2025-01-25 13:03:34'),
(61, 18, 20, NULL, 1, 1100.00, NULL, NULL, '2025-01-25 13:03:34', '2025-01-25 13:03:34'),
(62, 18, 21, NULL, 1, 1300.00, NULL, NULL, '2025-01-25 13:03:34', '2025-01-25 13:03:34'),
(63, 19, 1, NULL, 1, 410.00, NULL, NULL, '2025-02-03 12:49:51', '2025-02-03 12:49:51'),
(64, 19, 2, NULL, 1, 800.00, NULL, NULL, '2025-02-03 12:49:51', '2025-02-03 12:49:51'),
(65, 19, 3, NULL, 1, 650.00, NULL, NULL, '2025-02-03 12:49:51', '2025-02-03 12:49:51'),
(66, 19, 4, NULL, 1, 950.00, NULL, NULL, '2025-02-03 12:49:51', '2025-02-03 12:49:51'),
(67, 19, 5, NULL, 1, 1000.00, NULL, NULL, '2025-02-03 12:49:51', '2025-02-03 12:49:51'),
(68, 19, 6, NULL, 1, 900.00, NULL, NULL, '2025-02-03 12:49:51', '2025-02-03 12:49:51'),
(69, 19, 7, NULL, 1, 1100.00, NULL, NULL, '2025-02-03 12:49:51', '2025-02-03 12:49:51'),
(70, 19, 8, NULL, 1, 1200.00, NULL, NULL, '2025-02-03 12:49:51', '2025-02-03 12:49:51'),
(71, 19, 9, NULL, 1, 1300.00, NULL, NULL, '2025-02-03 12:49:51', '2025-02-03 12:49:51'),
(72, 19, 10, NULL, 1, 750.00, NULL, NULL, '2025-02-03 12:49:51', '2025-02-03 12:49:51'),
(73, 19, 11, NULL, 1, 950.00, NULL, NULL, '2025-02-03 12:49:51', '2025-02-03 12:49:51'),
(74, 19, 12, NULL, 1, 900.00, NULL, NULL, '2025-02-03 12:49:51', '2025-02-03 12:49:51'),
(75, 19, 13, NULL, 1, 1100.00, NULL, NULL, '2025-02-03 12:49:51', '2025-02-03 12:49:51'),
(76, 19, 14, NULL, 1, 1200.00, NULL, NULL, '2025-02-03 12:49:51', '2025-02-03 12:49:51'),
(77, 19, 15, NULL, 1, 1050.00, NULL, NULL, '2025-02-03 12:49:51', '2025-02-03 12:49:51'),
(78, 19, 16, NULL, 1, 700.00, NULL, NULL, '2025-02-03 12:49:51', '2025-02-03 12:49:51'),
(79, 19, 17, NULL, 1, 1300.00, NULL, NULL, '2025-02-03 12:49:51', '2025-02-03 12:49:51'),
(80, 19, 18, NULL, 1, 850.00, NULL, NULL, '2025-02-03 12:49:51', '2025-02-03 12:49:51'),
(81, 19, 19, NULL, 1, 1000.00, NULL, NULL, '2025-02-03 12:49:51', '2025-02-03 12:49:51'),
(82, 19, 20, NULL, 1, 1100.00, NULL, NULL, '2025-02-03 12:49:51', '2025-02-03 12:49:51'),
(83, 20, 1, NULL, 1, 410.00, NULL, NULL, '2025-02-03 12:51:22', '2025-02-03 12:51:22'),
(84, 20, 2, NULL, 1, 800.00, NULL, NULL, '2025-02-03 12:51:22', '2025-02-03 12:51:22'),
(85, 20, 3, NULL, 1, 650.00, NULL, NULL, '2025-02-03 12:51:22', '2025-02-03 12:51:22'),
(86, 20, 4, NULL, 1, 950.00, NULL, NULL, '2025-02-03 12:51:22', '2025-02-03 12:51:22'),
(87, 20, 5, NULL, 1, 1000.00, NULL, NULL, '2025-02-03 12:51:22', '2025-02-03 12:51:22'),
(88, 20, 6, NULL, 1, 900.00, NULL, NULL, '2025-02-03 12:51:22', '2025-02-03 12:51:22'),
(89, 20, 7, NULL, 1, 1100.00, NULL, NULL, '2025-02-03 12:51:22', '2025-02-03 12:51:22'),
(90, 20, 8, NULL, 1, 1200.00, NULL, NULL, '2025-02-03 12:51:22', '2025-02-03 12:51:22'),
(91, 20, 9, NULL, 1, 1300.00, NULL, NULL, '2025-02-03 12:51:22', '2025-02-03 12:51:22'),
(92, 21, 1, NULL, 1, 410.00, NULL, NULL, '2025-02-03 12:52:25', '2025-02-03 12:52:25'),
(93, 21, 2, NULL, 1, 800.00, NULL, NULL, '2025-02-03 12:52:25', '2025-02-03 12:52:25'),
(94, 21, 3, NULL, 1, 650.00, NULL, NULL, '2025-02-03 12:52:25', '2025-02-03 12:52:25'),
(95, 21, 4, NULL, 1, 950.00, NULL, NULL, '2025-02-03 12:52:25', '2025-02-03 12:52:25'),
(96, 21, 5, NULL, 1, 1000.00, NULL, NULL, '2025-02-03 12:52:25', '2025-02-03 12:52:25'),
(97, 21, 6, NULL, 1, 900.00, NULL, NULL, '2025-02-03 12:52:25', '2025-02-03 12:52:25'),
(98, 21, 7, NULL, 1, 1100.00, NULL, NULL, '2025-02-03 12:52:25', '2025-02-03 12:52:25'),
(99, 21, 8, NULL, 1, 1200.00, NULL, NULL, '2025-02-03 12:52:25', '2025-02-03 12:52:25'),
(100, 21, 9, NULL, 1, 1300.00, NULL, NULL, '2025-02-03 12:52:25', '2025-02-03 12:52:25'),
(101, 21, 10, NULL, 1, 750.00, NULL, NULL, '2025-02-03 12:52:25', '2025-02-03 12:52:25'),
(102, 21, 11, NULL, 1, 950.00, NULL, NULL, '2025-02-03 12:52:25', '2025-02-03 12:52:25'),
(103, 21, 12, NULL, 1, 900.00, NULL, NULL, '2025-02-03 12:52:25', '2025-02-03 12:52:25'),
(104, 21, 13, NULL, 1, 1100.00, NULL, NULL, '2025-02-03 12:52:25', '2025-02-03 12:52:25'),
(105, 21, 14, NULL, 1, 1200.00, NULL, NULL, '2025-02-03 12:52:25', '2025-02-03 12:52:25'),
(106, 21, 15, NULL, 1, 1050.00, NULL, NULL, '2025-02-03 12:52:25', '2025-02-03 12:52:25'),
(107, 21, 16, NULL, 1, 700.00, NULL, NULL, '2025-02-03 12:52:25', '2025-02-03 12:52:25'),
(108, 21, 17, NULL, 1, 1300.00, NULL, NULL, '2025-02-03 12:52:25', '2025-02-03 12:52:25'),
(109, 21, 18, NULL, 1, 850.00, NULL, NULL, '2025-02-03 12:52:25', '2025-02-03 12:52:25'),
(110, 21, 19, NULL, 1, 1000.00, NULL, NULL, '2025-02-03 12:52:25', '2025-02-03 12:52:25'),
(111, 21, 20, NULL, 1, 1100.00, NULL, NULL, '2025-02-03 12:52:25', '2025-02-03 12:52:25'),
(112, 22, 1, NULL, 1, 410.00, NULL, NULL, '2025-02-16 12:15:00', '2025-02-16 12:15:00'),
(113, 22, 2, NULL, 1, 800.00, NULL, NULL, '2025-02-16 12:15:00', '2025-02-16 12:15:00'),
(114, 23, 1, NULL, 1, 410.00, NULL, NULL, '2025-02-19 13:35:10', '2025-02-19 13:35:10'),
(115, 23, 2, NULL, 1, 800.00, NULL, NULL, '2025-02-19 13:35:10', '2025-02-19 13:35:10'),
(116, 24, 1, NULL, 1, 410.00, NULL, NULL, '2025-02-20 19:51:55', '2025-02-20 19:51:55'),
(117, 24, 2, NULL, 1, 800.00, NULL, NULL, '2025-02-20 19:51:55', '2025-02-20 19:51:55'),
(118, 25, 1, NULL, 1, 410.00, NULL, NULL, '2025-02-20 19:56:40', '2025-02-20 19:56:40'),
(119, 25, 2, NULL, 1, 800.00, NULL, NULL, '2025-02-20 19:56:40', '2025-02-20 19:56:40'),
(120, 26, 1, NULL, 1, 410.00, NULL, NULL, '2025-02-20 20:17:25', '2025-02-20 20:17:25'),
(121, 27, 1, NULL, 1, 410.00, NULL, NULL, '2025-02-20 20:19:08', '2025-02-20 20:19:08'),
(122, 28, 1, NULL, 1, 410.00, NULL, NULL, '2025-02-22 11:02:12', '2025-02-22 11:02:12'),
(123, 28, 2, NULL, 1, 800.00, NULL, NULL, '2025-02-22 11:02:12', '2025-02-22 11:02:12'),
(124, 28, 3, NULL, 1, 650.00, NULL, NULL, '2025-02-22 11:02:12', '2025-02-22 11:02:12'),
(125, 28, 4, NULL, 1, 950.00, NULL, NULL, '2025-02-22 11:02:12', '2025-02-22 11:02:12'),
(126, 28, 5, NULL, 1, 1000.00, NULL, NULL, '2025-02-22 11:02:12', '2025-02-22 11:02:12'),
(127, 28, 6, NULL, 1, 900.00, NULL, NULL, '2025-02-22 11:02:12', '2025-02-22 11:02:12'),
(134, 30, 1, NULL, 1, 410.00, NULL, NULL, '2025-02-24 10:09:18', '2025-02-24 10:09:18'),
(135, 30, 2, NULL, 1, 800.00, NULL, NULL, '2025-02-24 10:09:18', '2025-02-24 10:09:18'),
(136, 30, 3, NULL, 1, 650.00, NULL, NULL, '2025-02-24 10:09:18', '2025-02-24 10:09:18'),
(137, 30, 4, NULL, 1, 950.00, NULL, NULL, '2025-02-24 10:09:18', '2025-02-24 10:09:18'),
(138, 30, 5, NULL, 1, 1000.00, NULL, NULL, '2025-02-24 10:09:18', '2025-02-24 10:09:18'),
(139, 30, 6, NULL, 1, 900.00, NULL, NULL, '2025-02-24 10:09:18', '2025-02-24 10:09:18'),
(140, 31, 1, NULL, 1, 410.00, NULL, NULL, '2025-02-24 10:11:33', '2025-02-24 10:11:33'),
(141, 31, 3, NULL, 1, 650.00, NULL, NULL, '2025-02-24 10:11:33', '2025-02-24 10:11:33'),
(142, 31, 4, NULL, 1, 950.00, NULL, NULL, '2025-02-24 10:11:33', '2025-02-24 10:11:33'),
(143, 31, 6, NULL, 1, 900.00, NULL, NULL, '2025-02-24 10:11:33', '2025-02-24 10:11:33'),
(144, 31, 7, NULL, 1, 1100.00, NULL, NULL, '2025-02-24 10:11:33', '2025-02-24 10:11:33'),
(145, 32, 2, NULL, 1, 800.00, NULL, NULL, '2025-02-24 11:37:41', '2025-02-24 11:37:41'),
(146, 32, 4, NULL, 1, 950.00, NULL, NULL, '2025-02-24 11:37:41', '2025-02-24 11:37:41'),
(147, 32, 8, NULL, 1, 1200.00, NULL, NULL, '2025-02-24 11:37:41', '2025-02-24 11:37:41'),
(208, 53, 4, NULL, 1, 950.00, NULL, NULL, '2025-02-24 12:37:11', '2025-02-24 12:37:11'),
(209, 53, 12, NULL, 1, 900.00, NULL, NULL, '2025-02-24 12:37:11', '2025-02-24 12:37:11'),
(210, 53, 16, NULL, 1, 700.00, NULL, NULL, '2025-02-24 12:37:11', '2025-02-24 12:37:11'),
(215, 55, 4, NULL, 1, 950.00, NULL, NULL, '2025-02-24 12:47:22', '2025-02-24 12:47:22'),
(216, 55, 7, NULL, 1, 1100.00, NULL, NULL, '2025-02-24 12:47:22', '2025-02-24 12:47:22'),
(217, 55, 12, NULL, 1, 900.00, NULL, NULL, '2025-02-24 12:47:22', '2025-02-24 12:47:22'),
(218, 55, 17, NULL, 1, 1300.00, NULL, NULL, '2025-02-24 12:47:22', '2025-02-24 12:47:22'),
(219, 56, 8, NULL, 1, 1200.00, NULL, NULL, '2025-02-24 12:50:53', '2025-02-24 12:50:53'),
(220, 56, 11, NULL, 1, 950.00, NULL, NULL, '2025-02-24 12:50:53', '2025-02-24 12:50:53'),
(221, 56, 14, NULL, 1, 1200.00, NULL, NULL, '2025-02-24 12:50:53', '2025-02-24 12:50:53'),
(222, 56, 16, NULL, 1, 700.00, NULL, NULL, '2025-02-24 12:50:53', '2025-02-24 12:50:53'),
(223, 56, 18, NULL, 1, 850.00, NULL, NULL, '2025-02-24 12:50:53', '2025-02-24 12:50:53'),
(224, 56, 28, NULL, 1, 1100.00, NULL, NULL, '2025-02-24 12:50:53', '2025-02-24 12:50:53'),
(225, 57, 8, NULL, 1, 1200.00, NULL, NULL, '2025-02-24 12:55:44', '2025-02-24 12:55:44'),
(226, 57, 9, NULL, 1, 1300.00, NULL, NULL, '2025-02-24 12:55:44', '2025-02-24 12:55:44'),
(242, 63, 7, NULL, 1, 1100.00, NULL, NULL, '2025-02-24 13:07:10', '2025-02-24 13:07:10'),
(243, 63, 10, NULL, 1, 750.00, NULL, NULL, '2025-02-24 13:07:10', '2025-02-24 13:07:10'),
(244, 63, 15, NULL, 1, 1050.00, NULL, NULL, '2025-02-24 13:07:10', '2025-02-24 13:07:10'),
(245, 64, 1, NULL, 1, 410.00, NULL, NULL, '2025-02-24 13:19:18', '2025-02-24 13:19:18'),
(246, 64, 2, NULL, 1, 800.00, NULL, NULL, '2025-02-24 13:19:18', '2025-02-24 13:19:18'),
(247, 64, 3, NULL, 1, 650.00, NULL, NULL, '2025-02-24 13:19:18', '2025-02-24 13:19:18'),
(248, 64, 4, NULL, 1, 950.00, NULL, NULL, '2025-02-24 13:19:18', '2025-02-24 13:19:18'),
(249, 64, 5, NULL, 1, 1000.00, NULL, NULL, '2025-02-24 13:19:18', '2025-02-24 13:19:18'),
(250, 64, 6, NULL, 1, 900.00, NULL, NULL, '2025-02-24 13:19:18', '2025-02-24 13:19:18'),
(251, 65, 1, NULL, 1, 410.00, NULL, NULL, '2025-02-24 13:24:38', '2025-02-24 13:24:38'),
(252, 65, 2, NULL, 2, 800.00, NULL, NULL, '2025-02-24 13:24:38', '2025-02-24 13:24:38'),
(253, 65, 3, NULL, 3, 650.00, NULL, NULL, '2025-02-24 13:24:38', '2025-02-24 13:24:38'),
(254, 65, 4, NULL, 4, 950.00, NULL, NULL, '2025-02-24 13:24:38', '2025-02-24 13:24:38'),
(255, 65, 5, NULL, 5, 1000.00, NULL, NULL, '2025-02-24 13:24:38', '2025-02-24 13:24:38'),
(256, 66, 1, NULL, 1, 410.00, NULL, NULL, '2025-02-24 13:24:53', '2025-02-24 13:24:53'),
(257, 66, 2, NULL, 2, 800.00, NULL, NULL, '2025-02-24 13:24:53', '2025-02-24 13:24:53'),
(258, 66, 3, NULL, 3, 650.00, NULL, NULL, '2025-02-24 13:24:53', '2025-02-24 13:24:53'),
(259, 66, 4, NULL, 4, 950.00, NULL, NULL, '2025-02-24 13:24:53', '2025-02-24 13:24:53'),
(260, 66, 5, NULL, 5, 1000.00, NULL, NULL, '2025-02-24 13:24:53', '2025-02-24 13:24:53'),
(261, 67, 1, NULL, 1, 410.00, NULL, NULL, '2025-02-24 13:25:37', '2025-02-24 13:25:37'),
(262, 67, 2, NULL, 2, 800.00, NULL, NULL, '2025-02-24 13:25:37', '2025-02-24 13:25:37'),
(263, 67, 3, NULL, 3, 650.00, NULL, NULL, '2025-02-24 13:25:37', '2025-02-24 13:25:37'),
(264, 67, 4, NULL, 4, 950.00, NULL, NULL, '2025-02-24 13:25:37', '2025-02-24 13:25:37'),
(265, 67, 5, NULL, 5, 1000.00, NULL, NULL, '2025-02-24 13:25:37', '2025-02-24 13:25:37'),
(266, 68, 1, NULL, 1, 410.00, NULL, NULL, '2025-02-24 13:26:25', '2025-02-24 13:26:25'),
(267, 68, 2, NULL, 2, 800.00, NULL, NULL, '2025-02-24 13:26:25', '2025-02-24 13:26:25'),
(268, 68, 3, NULL, 3, 650.00, NULL, NULL, '2025-02-24 13:26:25', '2025-02-24 13:26:25'),
(269, 68, 4, NULL, 4, 950.00, NULL, NULL, '2025-02-24 13:26:25', '2025-02-24 13:26:25'),
(270, 68, 5, NULL, 5, 1000.00, NULL, NULL, '2025-02-24 13:26:25', '2025-02-24 13:26:25'),
(271, 69, 1, NULL, 1, 410.00, NULL, NULL, '2025-02-24 13:27:21', '2025-02-24 13:27:21'),
(272, 69, 2, NULL, 2, 800.00, NULL, NULL, '2025-02-24 13:27:21', '2025-02-24 13:27:21'),
(273, 69, 3, NULL, 3, 650.00, NULL, NULL, '2025-02-24 13:27:21', '2025-02-24 13:27:21'),
(274, 69, 4, NULL, 4, 950.00, NULL, NULL, '2025-02-24 13:27:21', '2025-02-24 13:27:21'),
(275, 69, 5, NULL, 5, 1000.00, NULL, NULL, '2025-02-24 13:27:21', '2025-02-24 13:27:21'),
(276, 70, 1, NULL, 1, 410.00, NULL, NULL, '2025-02-24 13:27:26', '2025-02-24 13:27:26'),
(277, 70, 2, NULL, 2, 800.00, NULL, NULL, '2025-02-24 13:27:26', '2025-02-24 13:27:26'),
(278, 70, 3, NULL, 3, 650.00, NULL, NULL, '2025-02-24 13:27:26', '2025-02-24 13:27:26'),
(279, 70, 4, NULL, 4, 950.00, NULL, NULL, '2025-02-24 13:27:26', '2025-02-24 13:27:26'),
(280, 70, 5, NULL, 5, 1000.00, NULL, NULL, '2025-02-24 13:27:26', '2025-02-24 13:27:26'),
(291, 73, 1, NULL, 1, 410.00, NULL, NULL, '2025-02-24 13:29:31', '2025-02-24 13:29:31'),
(292, 73, 2, NULL, 2, 800.00, NULL, NULL, '2025-02-24 13:29:31', '2025-02-24 13:29:31'),
(293, 73, 3, NULL, 3, 650.00, NULL, NULL, '2025-02-24 13:29:31', '2025-02-24 13:29:31'),
(294, 73, 4, NULL, 4, 950.00, NULL, NULL, '2025-02-24 13:29:31', '2025-02-24 13:29:31'),
(295, 73, 5, NULL, 5, 1000.00, NULL, NULL, '2025-02-24 13:29:31', '2025-02-24 13:29:31'),
(296, 74, 1, NULL, 1, 410.00, NULL, NULL, '2025-02-24 13:29:53', '2025-02-24 13:29:53'),
(297, 74, 2, NULL, 2, 800.00, NULL, NULL, '2025-02-24 13:29:53', '2025-02-24 13:29:53'),
(298, 74, 3, NULL, 3, 650.00, NULL, NULL, '2025-02-24 13:29:53', '2025-02-24 13:29:53'),
(299, 74, 4, NULL, 4, 950.00, NULL, NULL, '2025-02-24 13:29:53', '2025-02-24 13:29:53'),
(300, 74, 5, NULL, 5, 1000.00, NULL, NULL, '2025-02-24 13:29:53', '2025-02-24 13:29:53'),
(301, 75, 1, NULL, 1, 410.00, NULL, NULL, '2025-02-24 13:30:36', '2025-02-24 13:30:36'),
(302, 75, 2, NULL, 2, 800.00, NULL, NULL, '2025-02-24 13:30:36', '2025-02-24 13:30:36'),
(303, 75, 3, NULL, 3, 650.00, NULL, NULL, '2025-02-24 13:30:36', '2025-02-24 13:30:36'),
(304, 75, 4, NULL, 4, 950.00, NULL, NULL, '2025-02-24 13:30:36', '2025-02-24 13:30:36'),
(305, 75, 5, NULL, 5, 1000.00, NULL, NULL, '2025-02-24 13:30:36', '2025-02-24 13:30:36'),
(306, 76, 1, NULL, 1, 410.00, NULL, NULL, '2025-02-24 13:30:40', '2025-02-24 13:30:40'),
(307, 76, 2, NULL, 2, 800.00, NULL, NULL, '2025-02-24 13:30:40', '2025-02-24 13:30:40'),
(308, 76, 3, NULL, 3, 650.00, NULL, NULL, '2025-02-24 13:30:40', '2025-02-24 13:30:40'),
(309, 76, 4, NULL, 4, 950.00, NULL, NULL, '2025-02-24 13:30:40', '2025-02-24 13:30:40'),
(310, 76, 5, NULL, 5, 1000.00, NULL, NULL, '2025-02-24 13:30:40', '2025-02-24 13:30:40'),
(311, 77, 1, NULL, 1, 410.00, NULL, NULL, '2025-02-24 13:32:37', '2025-02-24 13:32:37'),
(312, 77, 2, NULL, 2, 800.00, NULL, NULL, '2025-02-24 13:32:37', '2025-02-24 13:32:37'),
(313, 77, 3, NULL, 3, 650.00, NULL, NULL, '2025-02-24 13:32:37', '2025-02-24 13:32:37'),
(314, 77, 4, NULL, 4, 950.00, NULL, NULL, '2025-02-24 13:32:37', '2025-02-24 13:32:37'),
(315, 77, 5, NULL, 5, 1000.00, NULL, NULL, '2025-02-24 13:32:37', '2025-02-24 13:32:37'),
(316, 78, 1, NULL, 1, 410.00, NULL, NULL, '2025-02-24 13:32:45', '2025-02-24 13:32:45'),
(317, 78, 2, NULL, 2, 800.00, NULL, NULL, '2025-02-24 13:32:45', '2025-02-24 13:32:45'),
(318, 78, 3, NULL, 3, 650.00, NULL, NULL, '2025-02-24 13:32:45', '2025-02-24 13:32:45'),
(319, 78, 4, NULL, 4, 950.00, NULL, NULL, '2025-02-24 13:32:45', '2025-02-24 13:32:45'),
(320, 78, 5, NULL, 5, 1000.00, NULL, NULL, '2025-02-24 13:32:45', '2025-02-24 13:32:45'),
(321, 79, 1, NULL, 1, 410.00, NULL, NULL, '2025-02-24 13:33:06', '2025-02-24 13:33:06'),
(322, 79, 2, NULL, 2, 800.00, NULL, NULL, '2025-02-24 13:33:06', '2025-02-24 13:33:06'),
(323, 79, 3, NULL, 3, 650.00, NULL, NULL, '2025-02-24 13:33:06', '2025-02-24 13:33:06'),
(324, 79, 4, NULL, 4, 950.00, NULL, NULL, '2025-02-24 13:33:06', '2025-02-24 13:33:06'),
(325, 79, 5, NULL, 5, 1000.00, NULL, NULL, '2025-02-24 13:33:06', '2025-02-24 13:33:06'),
(326, 80, 1, NULL, 1, 410.00, NULL, NULL, '2025-02-24 13:34:05', '2025-02-24 13:34:05'),
(327, 80, 2, NULL, 2, 800.00, NULL, NULL, '2025-02-24 13:34:05', '2025-02-24 13:34:05'),
(328, 80, 3, NULL, 3, 650.00, NULL, NULL, '2025-02-24 13:34:05', '2025-02-24 13:34:05'),
(329, 80, 4, NULL, 4, 950.00, NULL, NULL, '2025-02-24 13:34:05', '2025-02-24 13:34:05'),
(330, 80, 5, NULL, 5, 1000.00, NULL, NULL, '2025-02-24 13:34:05', '2025-02-24 13:34:05'),
(331, 81, 2, NULL, 1, 800.00, NULL, NULL, '2025-02-24 13:37:28', '2025-02-24 13:37:28'),
(332, 81, 3, NULL, 1, 650.00, NULL, NULL, '2025-02-24 13:37:28', '2025-02-24 13:37:28'),
(333, 81, 6, NULL, 1, 900.00, NULL, NULL, '2025-02-24 13:37:28', '2025-02-24 13:37:28'),
(334, 81, 1, NULL, 1, 410.00, NULL, NULL, '2025-02-24 13:37:28', '2025-02-24 13:37:28'),
(335, 82, 1, NULL, 1, 410.00, NULL, NULL, '2025-02-24 13:39:41', '2025-02-24 13:39:41'),
(336, 82, 3, NULL, 1, 650.00, NULL, NULL, '2025-02-24 13:39:41', '2025-02-24 13:39:41'),
(337, 83, 1, NULL, 1, 410.00, NULL, NULL, '2025-02-24 13:39:48', '2025-02-24 13:39:48'),
(338, 83, 2, NULL, 2, 800.00, NULL, NULL, '2025-02-24 13:39:48', '2025-02-24 13:39:48'),
(339, 83, 3, NULL, 3, 650.00, NULL, NULL, '2025-02-24 13:39:48', '2025-02-24 13:39:48'),
(340, 83, 4, NULL, 4, 950.00, NULL, NULL, '2025-02-24 13:39:48', '2025-02-24 13:39:48'),
(341, 83, 5, NULL, 5, 1000.00, NULL, NULL, '2025-02-24 13:39:48', '2025-02-24 13:39:48'),
(342, 84, 3, NULL, 1, 650.00, NULL, NULL, '2025-02-24 13:40:05', '2025-02-24 13:40:05'),
(343, 84, 9, NULL, 1, 1300.00, NULL, NULL, '2025-02-24 13:40:05', '2025-02-24 13:40:05'),
(344, 84, 13, NULL, 1, 1100.00, NULL, NULL, '2025-02-24 13:40:05', '2025-02-24 13:40:05'),
(345, 85, 3, NULL, 1, 650.00, NULL, NULL, '2025-02-24 13:40:10', '2025-02-24 13:40:10'),
(346, 85, 9, NULL, 1, 1300.00, NULL, NULL, '2025-02-24 13:40:10', '2025-02-24 13:40:10'),
(347, 85, 13, NULL, 1, 1100.00, NULL, NULL, '2025-02-24 13:40:10', '2025-02-24 13:40:10'),
(348, 86, 3, NULL, 1, 650.00, NULL, NULL, '2025-02-24 13:40:44', '2025-02-24 13:40:44'),
(349, 86, 9, NULL, 1, 1300.00, NULL, NULL, '2025-02-24 13:40:44', '2025-02-24 13:40:44'),
(350, 86, 13, NULL, 1, 1100.00, NULL, NULL, '2025-02-24 13:40:44', '2025-02-24 13:40:44'),
(351, 87, 6, NULL, 1, 900.00, NULL, NULL, '2025-02-24 13:41:01', '2025-02-24 13:41:01'),
(352, 87, 11, NULL, 1, 950.00, NULL, NULL, '2025-02-24 13:41:01', '2025-02-24 13:41:01'),
(353, 88, 2, NULL, 1, 800.00, NULL, NULL, '2025-02-25 11:14:54', '2025-02-25 11:14:54'),
(354, 88, 11, NULL, 1, 950.00, NULL, NULL, '2025-02-25 11:14:55', '2025-02-25 11:14:55'),
(355, 88, 17, NULL, 1, 1300.00, NULL, NULL, '2025-02-25 11:14:55', '2025-02-25 11:14:55'),
(356, 89, 5, NULL, 1, 1000.00, NULL, NULL, '2025-02-26 09:55:38', '2025-02-26 09:55:38'),
(357, 89, 13, NULL, 1, 1100.00, NULL, NULL, '2025-02-26 09:55:38', '2025-02-26 09:55:38'),
(358, 91, 7, NULL, 5, 1100.00, NULL, NULL, '2025-02-26 11:21:46', '2025-02-26 11:21:46'),
(359, 91, 14, NULL, 6, 1200.00, NULL, NULL, '2025-02-26 11:21:46', '2025-02-26 11:21:46'),
(362, 94, 8, NULL, 8, 1200.00, NULL, NULL, '2025-02-26 11:29:03', '2025-02-26 11:29:03'),
(363, 94, 16, NULL, 9, 700.00, NULL, NULL, '2025-02-26 11:29:03', '2025-02-26 11:29:03'),
(364, 95, 2, NULL, 2, 800.00, NULL, NULL, '2025-02-26 12:23:05', '2025-02-26 12:23:05'),
(365, 95, 3, NULL, 2, 650.00, NULL, NULL, '2025-02-26 12:23:05', '2025-02-26 12:23:05'),
(366, 95, 6, NULL, 1, 900.00, NULL, NULL, '2025-02-26 12:23:05', '2025-02-26 12:23:05'),
(367, 95, 8, NULL, 2, 1200.00, NULL, NULL, '2025-02-26 12:23:05', '2025-02-26 12:23:05'),
(368, 95, 9, NULL, 2, 1300.00, NULL, NULL, '2025-02-26 12:23:05', '2025-02-26 12:23:05'),
(369, 95, 7, NULL, 1, 1100.00, NULL, NULL, '2025-02-26 12:23:05', '2025-02-26 12:23:05'),
(370, 96, 1, NULL, 3, 410.00, NULL, NULL, '2025-02-26 12:31:06', '2025-02-26 12:31:06'),
(371, 96, 2, NULL, 3, 800.00, NULL, NULL, '2025-02-26 12:31:06', '2025-02-26 12:31:06'),
(372, 96, 3, NULL, 2, 650.00, NULL, NULL, '2025-02-26 12:31:06', '2025-02-26 12:31:06'),
(373, 97, 2, NULL, 2, 800.00, NULL, NULL, '2025-02-26 12:33:23', '2025-02-26 12:33:23'),
(374, 97, 17, NULL, 1, 1300.00, NULL, NULL, '2025-02-26 12:33:23', '2025-02-26 12:33:23'),
(375, 97, 14, NULL, 1, 1200.00, NULL, NULL, '2025-02-26 12:33:23', '2025-02-26 12:33:23'),
(376, 97, 18, NULL, 3, 850.00, NULL, NULL, '2025-02-26 12:33:23', '2025-02-26 12:33:23'),
(377, 97, 25, NULL, 2, 1300.00, NULL, NULL, '2025-02-26 12:33:23', '2025-02-26 12:33:23'),
(378, 97, 29, NULL, 2, 900.00, NULL, NULL, '2025-02-26 12:33:23', '2025-02-26 12:33:23'),
(379, 97, 30, NULL, 2, 950.00, NULL, NULL, '2025-02-26 12:33:23', '2025-02-26 12:33:23'),
(380, 97, 10, NULL, 1, 750.00, NULL, NULL, '2025-02-26 12:33:23', '2025-02-26 12:33:23'),
(381, 97, 16, NULL, 1, 700.00, NULL, NULL, '2025-02-26 12:33:23', '2025-02-26 12:33:23'),
(382, 97, 15, NULL, 1, 1050.00, NULL, NULL, '2025-02-26 12:33:23', '2025-02-26 12:33:23'),
(383, 97, 4, NULL, 1, 950.00, NULL, NULL, '2025-02-26 12:33:23', '2025-02-26 12:33:23'),
(384, 97, 1, NULL, 1, 410.00, NULL, NULL, '2025-02-26 12:33:23', '2025-02-26 12:33:23'),
(385, 97, 26, NULL, 1, 850.00, NULL, NULL, '2025-02-26 12:33:23', '2025-02-26 12:33:23'),
(386, 97, 28, NULL, 1, 1100.00, NULL, NULL, '2025-02-26 12:33:23', '2025-02-26 12:33:23'),
(387, 97, 20, NULL, 1, 1100.00, NULL, NULL, '2025-02-26 12:33:23', '2025-02-26 12:33:23'),
(388, 98, 6, NULL, 1, 900.00, NULL, NULL, '2025-02-27 22:33:42', '2025-02-27 22:33:42'),
(389, 98, 13, NULL, 1, 1100.00, NULL, NULL, '2025-02-27 22:33:42', '2025-02-27 22:33:42'),
(390, 98, 16, NULL, 1, 700.00, NULL, NULL, '2025-02-27 22:33:42', '2025-02-27 22:33:42'),
(391, 98, 28, NULL, 1, 1100.00, NULL, NULL, '2025-02-27 22:33:42', '2025-02-27 22:33:42'),
(392, 98, 30, NULL, 1, 950.00, NULL, NULL, '2025-02-27 22:33:42', '2025-02-27 22:33:42'),
(393, 99, 7, NULL, 1, 1100.00, NULL, NULL, '2025-02-27 22:37:56', '2025-02-27 22:37:56'),
(394, 99, 13, NULL, 1, 1100.00, NULL, NULL, '2025-02-27 22:37:56', '2025-02-27 22:37:56'),
(395, 99, 26, NULL, 1, 850.00, NULL, NULL, '2025-02-27 22:37:56', '2025-02-27 22:37:56'),
(396, 99, 24, NULL, 1, 1200.00, NULL, NULL, '2025-02-27 22:37:56', '2025-02-27 22:37:56'),
(397, 100, 12, NULL, 1, 900.00, NULL, NULL, '2025-02-27 22:38:23', '2025-02-27 22:38:23'),
(398, 100, 13, NULL, 1, 1100.00, NULL, NULL, '2025-02-27 22:38:23', '2025-02-27 22:38:23'),
(399, 100, 17, NULL, 1, 1300.00, NULL, NULL, '2025-02-27 22:38:23', '2025-02-27 22:38:23'),
(400, 101, 9, NULL, 1, 1300.00, NULL, NULL, '2025-02-27 23:59:07', '2025-02-27 23:59:07'),
(401, 101, 18, NULL, 2, 850.00, NULL, NULL, '2025-02-27 23:59:07', '2025-02-27 23:59:07'),
(402, 101, 19, NULL, 3, 1000.00, NULL, NULL, '2025-02-27 23:59:07', '2025-02-27 23:59:07'),
(403, 101, 4, NULL, 1, 950.00, NULL, NULL, '2025-02-27 23:59:07', '2025-02-27 23:59:07'),
(404, 101, 10, NULL, 2, 750.00, NULL, NULL, '2025-02-27 23:59:07', '2025-02-27 23:59:07'),
(405, 101, 16, NULL, 3, 700.00, NULL, NULL, '2025-02-27 23:59:07', '2025-02-27 23:59:07'),
(406, 101, 13, NULL, 1, 1100.00, NULL, NULL, '2025-02-27 23:59:07', '2025-02-27 23:59:07'),
(407, 101, 3, NULL, 1, 650.00, NULL, NULL, '2025-02-27 23:59:07', '2025-02-27 23:59:07'),
(408, 101, 2, NULL, 1, 800.00, NULL, NULL, '2025-02-27 23:59:07', '2025-02-27 23:59:07'),
(409, 101, 12, NULL, 1, 900.00, NULL, NULL, '2025-02-27 23:59:07', '2025-02-27 23:59:07'),
(410, 101, 17, NULL, 2, 1300.00, NULL, NULL, '2025-02-27 23:59:07', '2025-02-27 23:59:07'),
(411, 101, 1, NULL, 1, 410.00, NULL, NULL, '2025-02-27 23:59:07', '2025-02-27 23:59:07'),
(412, 101, 15, NULL, 1, 1050.00, NULL, NULL, '2025-02-27 23:59:07', '2025-02-27 23:59:07'),
(413, 101, 25, NULL, 2, 1300.00, NULL, NULL, '2025-02-27 23:59:07', '2025-02-27 23:59:07'),
(414, 101, 23, NULL, 2, 1000.00, NULL, NULL, '2025-02-27 23:59:07', '2025-02-27 23:59:07'),
(415, 101, 27, NULL, 1, 1050.00, NULL, NULL, '2025-02-27 23:59:07', '2025-02-27 23:59:07'),
(416, 101, 30, NULL, 1, 950.00, NULL, NULL, '2025-02-27 23:59:07', '2025-02-27 23:59:07'),
(417, 101, 28, NULL, 1, 1100.00, NULL, NULL, '2025-02-27 23:59:07', '2025-02-27 23:59:07'),
(418, 101, 29, NULL, 1, 900.00, NULL, NULL, '2025-02-27 23:59:07', '2025-02-27 23:59:07'),
(419, 101, 24, NULL, 1, 1200.00, NULL, NULL, '2025-02-27 23:59:07', '2025-02-27 23:59:07'),
(420, 102, 14, NULL, 1, 1200.00, NULL, NULL, '2025-02-28 00:01:08', '2025-02-28 00:01:08'),
(421, 102, 8, NULL, 1, 1200.00, NULL, NULL, '2025-02-28 00:01:08', '2025-02-28 00:01:08'),
(422, 102, 15, NULL, 1, 1050.00, NULL, NULL, '2025-02-28 00:01:08', '2025-02-28 00:01:08'),
(423, 103, 10, NULL, 1, 750.00, NULL, NULL, '2025-02-28 00:01:39', '2025-02-28 00:01:39'),
(424, 104, 11, NULL, 1, 950.00, NULL, NULL, '2025-02-28 00:01:57', '2025-02-28 00:01:57'),
(425, 104, 16, NULL, 1, 700.00, NULL, NULL, '2025-02-28 00:01:57', '2025-02-28 00:01:57'),
(426, 105, 3, NULL, 1, 650.00, NULL, NULL, '2025-02-28 00:18:44', '2025-02-28 00:18:44'),
(427, 105, 6, NULL, 1, 900.00, NULL, NULL, '2025-02-28 00:18:44', '2025-02-28 00:18:44'),
(428, 105, 14, NULL, 1, 1200.00, NULL, NULL, '2025-02-28 00:18:44', '2025-02-28 00:18:44'),
(429, 106, 5, NULL, 1, 1000.00, NULL, NULL, '2025-02-28 04:24:28', '2025-02-28 04:24:28'),
(430, 106, 11, NULL, 1, 950.00, NULL, NULL, '2025-02-28 04:24:29', '2025-02-28 04:24:29'),
(431, 107, 5, NULL, 1, 1000.00, NULL, NULL, '2025-02-28 04:29:15', '2025-02-28 04:29:15'),
(432, 107, 18, NULL, 1, 850.00, NULL, NULL, '2025-02-28 04:29:15', '2025-02-28 04:29:15'),
(433, 107, 11, NULL, 1, 950.00, NULL, NULL, '2025-02-28 04:29:15', '2025-02-28 04:29:15'),
(434, 108, 3, NULL, 1, 650.00, NULL, NULL, '2025-02-28 04:34:21', '2025-02-28 04:34:21'),
(435, 108, 9, NULL, 1, 1300.00, NULL, NULL, '2025-02-28 04:34:21', '2025-02-28 04:34:21'),
(436, 109, 7, NULL, 2, 1100.00, NULL, NULL, '2025-02-28 11:30:43', '2025-02-28 11:30:43'),
(437, 109, 11, NULL, 1, 950.00, NULL, NULL, '2025-02-28 11:30:43', '2025-02-28 11:30:43'),
(438, 109, 3, NULL, 1, 650.00, NULL, NULL, '2025-02-28 11:30:43', '2025-02-28 11:30:43'),
(439, 109, 2, NULL, 2, 800.00, NULL, NULL, '2025-02-28 11:30:43', '2025-02-28 11:30:43'),
(440, 109, 16, NULL, 1, 700.00, NULL, NULL, '2025-02-28 11:30:43', '2025-02-28 11:30:43'),
(441, 109, 18, NULL, 1, 850.00, NULL, NULL, '2025-02-28 11:30:43', '2025-02-28 11:30:43'),
(442, 109, 4, NULL, 1, 950.00, NULL, NULL, '2025-02-28 11:30:43', '2025-02-28 11:30:43'),
(443, 109, 24, NULL, 1, 1200.00, NULL, NULL, '2025-02-28 11:30:43', '2025-02-28 11:30:43'),
(444, 109, 26, NULL, 1, 850.00, NULL, NULL, '2025-02-28 11:30:43', '2025-02-28 11:30:43'),
(445, 109, 29, NULL, 1, 900.00, NULL, NULL, '2025-02-28 11:30:43', '2025-02-28 11:30:43'),
(446, 110, 4, NULL, 1, 950.00, NULL, NULL, '2025-02-28 23:34:19', '2025-02-28 23:34:19'),
(447, 110, 9, NULL, 1, 1300.00, NULL, NULL, '2025-02-28 23:34:19', '2025-02-28 23:34:19'),
(448, 110, 11, NULL, 1, 950.00, NULL, NULL, '2025-02-28 23:34:19', '2025-02-28 23:34:19'),
(449, 111, 4, NULL, 1, 950.00, NULL, NULL, '2025-02-28 23:34:41', '2025-02-28 23:34:41'),
(450, 111, 9, NULL, 1, 1300.00, NULL, NULL, '2025-02-28 23:34:41', '2025-02-28 23:34:41'),
(451, 111, 11, NULL, 1, 950.00, NULL, NULL, '2025-02-28 23:34:41', '2025-02-28 23:34:41'),
(452, 112, 3, NULL, 1, 650.00, NULL, NULL, '2025-02-28 23:43:51', '2025-02-28 23:43:51'),
(453, 112, 6, NULL, 1, 900.00, NULL, NULL, '2025-02-28 23:43:51', '2025-02-28 23:43:51'),
(454, 112, 9, NULL, 1, 1300.00, NULL, NULL, '2025-02-28 23:43:51', '2025-02-28 23:43:51'),
(455, 113, 3, NULL, 1, 650.00, NULL, NULL, '2025-02-28 23:51:19', '2025-02-28 23:51:19'),
(456, 113, 6, NULL, 1, 900.00, NULL, NULL, '2025-02-28 23:51:19', '2025-02-28 23:51:19'),
(457, 113, 9, NULL, 1, 1300.00, NULL, NULL, '2025-02-28 23:51:19', '2025-02-28 23:51:19'),
(458, 114, 3, NULL, 1, 650.00, NULL, NULL, '2025-02-28 23:56:46', '2025-02-28 23:56:46'),
(459, 114, 11, NULL, 1, 950.00, NULL, NULL, '2025-02-28 23:56:46', '2025-02-28 23:56:46'),
(460, 115, 5, NULL, 1, 1000.00, NULL, NULL, '2025-03-01 00:11:46', '2025-03-01 00:11:46'),
(461, 115, 9, NULL, 1, 1300.00, NULL, NULL, '2025-03-01 00:11:46', '2025-03-01 00:11:46'),
(462, 115, 14, NULL, 1, 1200.00, NULL, NULL, '2025-03-01 00:11:46', '2025-03-01 00:11:46'),
(463, 116, 8, NULL, 1, 1200.00, NULL, NULL, '2025-03-01 00:24:03', '2025-03-01 00:24:03'),
(464, 116, 15, NULL, 1, 1050.00, NULL, NULL, '2025-03-01 00:24:03', '2025-03-01 00:24:03'),
(465, 117, 7, NULL, 1, 1100.00, NULL, NULL, '2025-03-01 00:25:21', '2025-03-01 00:25:21'),
(466, 117, 17, NULL, 1, 1300.00, NULL, NULL, '2025-03-01 00:25:21', '2025-03-01 00:25:21'),
(467, 118, 5, NULL, 1, 1000.00, NULL, NULL, '2025-03-01 00:36:55', '2025-03-01 00:36:55'),
(468, 118, 13, NULL, 1, 1100.00, NULL, NULL, '2025-03-01 00:36:55', '2025-03-01 00:36:55'),
(469, 120, 5, NULL, 1, 1000.00, NULL, NULL, '2025-03-01 00:38:41', '2025-03-01 00:38:41'),
(470, 121, 4, NULL, 1, 950.00, NULL, NULL, '2025-03-01 00:39:38', '2025-03-01 00:39:38'),
(471, 122, 16, NULL, 1, 700.00, NULL, NULL, '2025-03-01 00:39:43', '2025-03-01 00:39:43'),
(472, 123, 16, NULL, 1, 700.00, NULL, NULL, '2025-03-01 00:42:34', '2025-03-01 00:42:34'),
(473, 124, 7, NULL, 1, 1100.00, NULL, NULL, '2025-03-01 00:43:09', '2025-03-01 00:43:09'),
(474, 125, 9, NULL, 1, 1300.00, NULL, NULL, '2025-03-01 00:43:47', '2025-03-01 00:43:47'),
(475, 130, 4, NULL, 1, 950.00, NULL, NULL, '2025-03-01 00:54:24', '2025-03-01 00:54:24'),
(476, 130, 15, NULL, 1, 1050.00, NULL, NULL, '2025-03-01 00:54:24', '2025-03-01 00:54:24'),
(477, 131, 9, NULL, 1, 1300.00, NULL, NULL, '2025-03-01 00:56:14', '2025-03-01 00:56:14'),
(478, 131, 16, NULL, 1, 700.00, NULL, NULL, '2025-03-01 00:56:14', '2025-03-01 00:56:14'),
(479, 131, 27, NULL, 1, 1050.00, NULL, NULL, '2025-03-01 00:56:14', '2025-03-01 00:56:14'),
(480, 132, 1, NULL, 2, 410.00, NULL, NULL, '2025-03-01 11:07:20', '2025-03-01 11:07:20'),
(481, 132, 2, NULL, 3, 800.00, NULL, NULL, '2025-03-01 11:07:20', '2025-03-01 11:07:20'),
(482, 132, 6, NULL, 1, 900.00, NULL, NULL, '2025-03-01 11:07:20', '2025-03-01 11:07:20'),
(483, 132, 3, NULL, 2, 650.00, NULL, NULL, '2025-03-01 11:07:20', '2025-03-01 11:07:20'),
(484, 132, 7, NULL, 1, 1100.00, NULL, NULL, '2025-03-01 11:07:20', '2025-03-01 11:07:20'),
(485, 133, 3, NULL, 1, 400.00, NULL, NULL, '2025-04-27 09:34:54', '2025-04-27 09:34:54');

-- --------------------------------------------------------

--
-- Table structure for table `order_tracking`
--

CREATE TABLE `order_tracking` (
  `id` int(11) NOT NULL,
  `order_id` int(11) UNSIGNED NOT NULL,
  `status` enum('Pending','Processing','Shipped','Delivered','Payment','Cancelled','Refunded') NOT NULL,
  `tracking_number` varchar(50) DEFAULT NULL,
  `carrier_name` varchar(100) DEFAULT NULL,
  `status_updated_at` datetime DEFAULT current_timestamp(),
  `estimated_delivery_date` datetime DEFAULT NULL,
  `remarks` text DEFAULT NULL,
  `created_by` int(11) DEFAULT NULL,
  `updated_by` int(11) DEFAULT NULL,
  `created_at` timestamp NULL DEFAULT NULL,
  `updated_at` timestamp NULL DEFAULT NULL
) ENGINE=InnoDB DEFAULT CHARSET=utf8mb4 COLLATE=utf8mb4_unicode_ci;

--
-- Dumping data for table `order_tracking`
--

INSERT INTO `order_tracking` (`id`, `order_id`, `status`, `tracking_number`, `carrier_name`, `status_updated_at`, `estimated_delivery_date`, `remarks`, `created_by`, `updated_by`, `created_at`, `updated_at`) VALUES
(1, 3, 'Processing', '', NULL, '2024-12-27 14:44:16', '2024-12-29 00:00:00', 'Shipped successfully.', 1, 1, '2024-12-27 08:44:16', '2024-12-27 08:44:16'),
(2, 3, 'Shipped', 'TAK46456546', 'HDL', '2024-12-27 15:01:17', '2024-12-29 00:00:00', 'TAK46456546', 1, 1, '2024-12-27 09:01:17', '2024-12-27 09:01:17'),
(3, 5, 'Processing', NULL, NULL, '2024-12-27 18:11:54', '2024-12-29 00:00:00', 'abdullah confirm', 1, 1, '2024-12-27 12:11:54', '2024-12-27 12:11:54'),
(4, 5, 'Shipped', '3465464', 'Redux', '2024-12-27 18:15:30', '2024-12-29 00:00:00', '34654', 1, 1, '2024-12-27 12:15:30', '2024-12-27 12:15:30'),
(5, 9, 'Processing', NULL, NULL, '2024-12-27 18:16:55', '2024-12-29 00:00:00', 'YES', 1, 1, '2024-12-27 12:16:55', '2024-12-27 12:16:55'),
(6, 9, 'Shipped', '346464646', 'FIXE AID', '2024-12-27 18:17:33', '2024-12-29 00:00:00', 'FIXE AID', 1, 1, '2024-12-27 12:17:33', '2024-12-27 12:17:33'),
(7, 6, 'Processing', NULL, NULL, '2024-12-27 18:37:04', '2024-12-29 00:00:00', 'Yes confirm', 1, 1, '2024-12-27 12:37:04', '2024-12-27 12:37:04'),
(8, 6, 'Shipped', '6464646', 'SA Paribahan', '2024-12-27 18:37:35', '2024-12-29 00:00:00', 'SA Paribahan', 1, 1, '2024-12-27 12:37:35', '2024-12-27 12:37:35'),
(47, 3, 'Payment', NULL, NULL, '2025-01-04 19:17:40', '2025-01-06 00:00:00', 'Shipped successfully.', 1, 1, '2025-01-04 13:17:40', '2025-01-04 13:17:40'),
(48, 17, 'Processing', NULL, NULL, '2025-01-25 18:05:54', '2025-01-27 00:00:00', 'yes', 1, 1, '2025-01-25 12:05:54', '2025-01-25 12:05:54'),
(49, 17, 'Shipped', NULL, NULL, '2025-01-25 18:05:59', '2025-01-27 00:00:00', 'yes', 1, 1, '2025-01-25 12:05:59', '2025-01-25 12:05:59'),
(50, 20, 'Processing', NULL, NULL, '2025-02-03 19:22:12', '2025-02-05 00:00:00', 'Shipped successfully.', 1, 1, '2025-02-03 13:22:12', '2025-02-03 13:22:12'),
(51, 20, 'Shipped', NULL, NULL, '2025-02-03 19:22:18', '2025-02-05 00:00:00', 'Shipped successfully.', 1, 1, '2025-02-03 13:22:18', '2025-02-03 13:22:18'),
(52, 22, 'Processing', NULL, NULL, '2025-02-16 18:26:36', '2025-02-18 00:00:00', 'Shipped successfully.', 1, 1, '2025-02-16 12:26:36', '2025-02-16 12:26:36'),
(53, 22, 'Shipped', NULL, NULL, '2025-02-16 18:27:06', '2025-02-18 00:00:00', 'Shipped successfully.', 1, 1, '2025-02-16 12:27:06', '2025-02-16 12:27:06');

-- --------------------------------------------------------

--
-- Table structure for table `password_reset_tokens`
--

CREATE TABLE `password_reset_tokens` (
  `email` varchar(255) NOT NULL,
  `token` varchar(255) NOT NULL,
  `created_at` timestamp NULL DEFAULT NULL
) ENGINE=InnoDB DEFAULT CHARSET=utf8mb4 COLLATE=utf8mb4_unicode_ci;

-- --------------------------------------------------------

--
-- Table structure for table `payments`
--

CREATE TABLE `payments` (
  `id` int(11) NOT NULL,
  `transaction_id` varchar(255) NOT NULL,
  `order_id` int(10) UNSIGNED DEFAULT NULL,
  `purchase_id` int(10) UNSIGNED DEFAULT NULL,
  `payment_date` timestamp NOT NULL DEFAULT current_timestamp(),
  `payment_method` enum('Card','Mobile','Bank','Cash') NOT NULL,
  `amount` decimal(12,2) NOT NULL,
  `bank_name` varchar(255) DEFAULT NULL COMMENT 'Bank',
  `account_number` varchar(255) DEFAULT NULL COMMENT 'Bank',
  `mobile_number` varchar(255) DEFAULT NULL COMMENT 'Mobile',
  `card_number` varchar(255) DEFAULT NULL COMMENT 'Card',
  `card_expiry_date` date DEFAULT NULL,
  `card_cvv` varchar(10) DEFAULT NULL,
  `created_by` int(11) DEFAULT NULL,
  `updated_by` int(11) DEFAULT NULL,
  `created_at` timestamp NULL DEFAULT NULL,
  `updated_at` timestamp NULL DEFAULT NULL,
  `status` int(1) DEFAULT 0
) ENGINE=InnoDB DEFAULT CHARSET=utf8 COLLATE=utf8_unicode_ci;

--
-- Dumping data for table `payments`
--

INSERT INTO `payments` (`id`, `transaction_id`, `order_id`, `purchase_id`, `payment_date`, `payment_method`, `amount`, `bank_name`, `account_number`, `mobile_number`, `card_number`, `card_expiry_date`, `card_cvv`, `created_by`, `updated_by`, `created_at`, `updated_at`, `status`) VALUES
(1, '55555555', 3, NULL, '2025-01-04 13:17:40', 'Cash', 2000.00, NULL, NULL, NULL, NULL, NULL, NULL, 1, NULL, '2025-01-04 13:17:40', '2025-01-04 13:17:40', 1),
(2, '55555555', 3, NULL, '2025-01-04 13:23:54', 'Cash', 1000.00, NULL, NULL, NULL, NULL, NULL, NULL, 1, NULL, '2025-01-04 13:23:54', '2025-01-04 13:23:54', 1),
(3, '55555555', 3, NULL, '2025-01-04 13:24:27', 'Cash', 200.00, NULL, NULL, NULL, NULL, NULL, NULL, 1, NULL, '2025-01-04 13:24:27', '2025-01-04 13:24:27', 1),
(4, '55555555', 3, NULL, '2025-01-04 13:25:12', 'Cash', 1800.00, NULL, NULL, NULL, NULL, NULL, NULL, 1, NULL, '2025-01-04 13:25:12', '2025-01-04 13:25:12', 1),
(5, '55555555', 3, NULL, '2025-01-04 13:25:37', 'Cash', 50.00, NULL, NULL, NULL, NULL, NULL, NULL, 1, NULL, '2025-01-04 13:25:37', '2025-01-04 13:25:37', 1),
(6, '55555555', 5, NULL, '2025-01-05 08:53:56', 'Cash', 1500.00, NULL, NULL, NULL, NULL, NULL, NULL, 1, NULL, '2025-01-05 08:53:56', '2025-01-05 08:53:56', 1),
(7, '55555555', 9, NULL, '2025-01-05 09:52:51', 'Cash', 250.00, NULL, NULL, NULL, NULL, NULL, NULL, 1, NULL, '2025-01-05 09:52:51', '2025-01-05 09:52:51', 1),
(8, '55555555', 9, NULL, '2025-01-05 09:56:07', 'Cash', 200.00, NULL, NULL, NULL, NULL, NULL, NULL, 1, NULL, '2025-01-05 09:56:07', '2025-01-05 09:56:07', 1),
(9, '55555555', 9, NULL, '2025-01-05 09:57:27', 'Cash', 100.00, NULL, NULL, NULL, NULL, NULL, NULL, 1, NULL, '2025-01-05 09:57:27', '2025-01-05 09:57:27', 1),
(10, '55555555', 9, NULL, '2025-01-05 09:57:46', 'Cash', 50.00, NULL, NULL, NULL, NULL, NULL, NULL, 1, NULL, '2025-01-05 09:57:46', '2025-01-05 09:57:46', 1),
(11, '55555555', 9, NULL, '2025-01-05 10:08:07', 'Cash', 50.00, NULL, NULL, NULL, NULL, NULL, NULL, 1, NULL, '2025-01-05 10:08:07', '2025-01-05 10:08:07', 1),
(12, '55555555', 9, NULL, '2025-01-05 10:19:13', 'Cash', 20.00, NULL, NULL, NULL, NULL, NULL, NULL, 1, NULL, '2025-01-05 10:19:13', '2025-01-05 10:19:13', 1),
(13, '55555555', 9, NULL, '2025-01-05 10:20:20', 'Cash', 10.00, NULL, NULL, NULL, NULL, NULL, NULL, 1, NULL, '2025-01-05 10:20:20', '2025-01-05 10:20:20', 1),
(14, '55555555', 9, NULL, '2025-01-05 10:49:05', 'Cash', 20.00, NULL, NULL, NULL, NULL, NULL, NULL, 1, NULL, '2025-01-05 10:49:05', '2025-01-05 10:49:05', 1),
(15, '55555555', 9, NULL, '2025-01-05 10:49:28', 'Cash', 30.00, NULL, NULL, NULL, NULL, NULL, NULL, 1, NULL, '2025-01-05 10:49:28', '2025-01-05 10:49:28', 1),
(16, '55555555', 9, NULL, '2025-01-05 10:49:39', 'Cash', 20.00, NULL, NULL, NULL, NULL, NULL, NULL, 1, NULL, '2025-01-05 10:49:39', '2025-01-05 10:49:39', 1),
(17, '55555555', 11, NULL, '2025-01-05 10:59:58', 'Cash', 10.00, NULL, NULL, NULL, NULL, NULL, NULL, 1, NULL, '2025-01-05 10:59:58', '2025-01-05 10:59:58', 1),
(18, '55555555', 11, NULL, '2025-01-05 11:01:00', 'Cash', 40.00, NULL, NULL, NULL, NULL, NULL, NULL, 1, NULL, '2025-01-05 11:01:00', '2025-01-05 11:01:00', 1),
(19, '55555555', 11, NULL, '2025-01-05 11:01:08', 'Cash', 50.00, NULL, NULL, NULL, NULL, NULL, NULL, 1, NULL, '2025-01-05 11:01:08', '2025-01-05 11:01:08', 1),
(20, '55555555', 11, NULL, '2025-01-05 11:01:17', 'Cash', 50.00, NULL, NULL, NULL, NULL, NULL, NULL, 1, NULL, '2025-01-05 11:01:17', '2025-01-05 11:01:17', 1),
(21, '55555555', 11, NULL, '2025-01-05 11:01:23', 'Cash', 20.00, NULL, NULL, NULL, NULL, NULL, NULL, 1, NULL, '2025-01-05 11:01:23', '2025-01-05 11:01:23', 1),
(22, '55555555', 11, NULL, '2025-01-05 11:01:31', 'Cash', 80.00, NULL, NULL, NULL, NULL, NULL, NULL, 1, NULL, '2025-01-05 11:01:31', '2025-01-05 11:01:31', 1),
(23, '55555555', 11, NULL, '2025-01-05 11:01:42', 'Cash', 300.00, NULL, NULL, NULL, NULL, NULL, NULL, 1, NULL, '2025-01-05 11:01:42', '2025-01-05 11:01:42', 1),
(24, '55555555', 11, NULL, '2025-01-05 11:01:53', 'Cash', 100.00, NULL, NULL, NULL, NULL, NULL, NULL, 1, NULL, '2025-01-05 11:01:53', '2025-01-05 11:01:53', 1),
(25, '55555555', 11, NULL, '2025-01-05 11:02:00', 'Cash', 10.00, NULL, NULL, NULL, NULL, NULL, NULL, 1, NULL, '2025-01-05 11:02:00', '2025-01-05 11:02:00', 1),
(26, '55555555', 11, NULL, '2025-01-05 11:02:06', 'Cash', 80.00, NULL, NULL, NULL, NULL, NULL, NULL, 1, NULL, '2025-01-05 11:02:06', '2025-01-05 11:02:06', 1),
(27, '55555555', 11, NULL, '2025-01-05 11:02:13', 'Cash', 10.00, NULL, NULL, NULL, NULL, NULL, NULL, 1, NULL, '2025-01-05 11:02:13', '2025-01-05 11:02:13', 1),
(28, '55555555', 16, NULL, '2025-01-05 11:45:16', 'Cash', 100.00, NULL, NULL, NULL, NULL, NULL, NULL, 1, NULL, '2025-01-05 11:45:16', '2025-01-05 11:45:16', 1),
(29, '55555555', 16, NULL, '2025-01-05 11:45:33', 'Cash', 50.00, NULL, NULL, NULL, NULL, NULL, NULL, 1, NULL, '2025-01-05 11:45:33', '2025-01-05 11:45:33', 1),
(30, '55555555', 16, NULL, '2025-01-05 11:54:02', 'Mobile', 1500.00, NULL, NULL, '01849135475', NULL, NULL, NULL, 1, NULL, '2025-01-05 11:54:02', '2025-01-05 11:54:02', 1),
(31, '6898564646', 16, NULL, '2025-01-05 11:56:58', 'Mobile', 300.00, NULL, NULL, '01849135475', NULL, NULL, NULL, 1, NULL, '2025-01-05 11:56:58', '2025-01-05 11:56:58', 1),
(32, '325312', 16, NULL, '2025-01-05 11:57:15', 'Cash', 150.00, NULL, NULL, '01849135475', NULL, NULL, NULL, 1, NULL, '2025-01-05 11:57:15', '2025-01-05 11:57:15', 1),
(33, '972285', 13, NULL, '2025-01-05 12:08:45', 'Cash', 200.00, NULL, NULL, NULL, NULL, NULL, NULL, 1, NULL, '2025-01-05 12:08:45', '2025-01-05 12:08:45', 1),
(34, '202501051812', 13, NULL, '2025-01-05 12:12:14', 'Bank', 120.00, 'Islami bank', '3646456456', NULL, NULL, NULL, NULL, 1, NULL, '2025-01-05 12:12:14', '2025-01-05 12:12:14', 1),
(35, '202501051812', 13, NULL, '2025-01-05 12:12:34', 'Bank', 100.00, 'Islami bank', '3646456456', NULL, NULL, NULL, NULL, 1, NULL, '2025-01-05 12:12:34', '2025-01-05 12:12:34', 1),
(36, '20250105181413', 13, NULL, '2025-01-05 12:14:13', 'Bank', 40.00, 'Islami bank', '3646456456', NULL, NULL, NULL, NULL, 1, NULL, '2025-01-05 12:14:13', '2025-01-05 12:14:13', 1),
(37, '20250105181421', 13, NULL, '2025-01-05 12:14:21', 'Cash', 290.00, 'Islami bank', '3646456456', NULL, NULL, NULL, NULL, 1, NULL, '2025-01-05 12:14:21', '2025-01-05 12:14:21', 1),
(38, '20250105182549', 10, NULL, '2025-01-05 12:25:49', 'Cash', 500.00, '', '', NULL, '', NULL, '', 1, NULL, '2025-01-05 12:25:49', '2025-01-05 12:25:49', 1),
(39, '20250105182617', 10, NULL, '2025-01-05 12:26:17', 'Cash', 100.00, '', '', NULL, '', NULL, '', 1, NULL, '2025-01-05 12:26:17', '2025-01-05 12:26:17', 1),
(40, '20250105182630', 10, NULL, '2025-01-05 12:26:30', 'Bank', 400.00, '46464', '646464', NULL, '', NULL, '', 1, NULL, '2025-01-05 12:26:30', '2025-01-05 12:26:30', 1),
(41, '6464646456', 18, NULL, '2025-01-27 18:00:00', 'Bank', 500.00, NULL, NULL, NULL, NULL, NULL, NULL, NULL, NULL, NULL, NULL, 1),
(42, '4546456546', 18, NULL, '2025-01-29 18:00:00', 'Card', 4000.00, NULL, NULL, NULL, NULL, NULL, NULL, NULL, NULL, NULL, NULL, 1),
(43, '20250203190630', 21, NULL, '2025-02-03 13:06:30', 'Cash', 1500.00, '', '', NULL, '', NULL, '', 1, NULL, '2025-02-03 13:06:30', '2025-02-03 13:06:30', 1),
(44, '20250203190730', 21, NULL, '2025-02-03 13:07:30', 'Cash', 4000.00, '', '', NULL, '', NULL, '', 1, NULL, '2025-02-03 13:07:30', '2025-02-03 13:07:30', 1),
(45, '20250203190804', 21, NULL, '2025-02-03 13:08:04', 'Bank', 12000.00, 'islami bank', '45645646', NULL, '', NULL, '', 1, NULL, '2025-02-03 13:08:04', '2025-02-03 13:08:04', 1),
(46, '456456456', 21, NULL, '2025-02-03 13:08:34', 'Mobile', 1760.00, '', '', '45645645646', '', NULL, '', 1, NULL, '2025-02-03 13:08:34', '2025-02-03 13:08:34', 1),
(47, '20250203192256', 20, NULL, '2025-02-03 13:22:56', 'Cash', 100.00, '', '', NULL, '', NULL, '', 1, NULL, '2025-02-03 13:22:56', '2025-02-03 13:22:56', 1),
(48, '20250203192322', 20, NULL, '2025-02-03 13:23:22', 'Cash', 1000.00, '', '', NULL, '', NULL, '', 1, NULL, '2025-02-03 13:23:22', '2025-02-03 13:23:22', 1),
(49, '20250216182954', 17, NULL, '2025-02-16 12:29:54', 'Cash', 2470.00, '', '', NULL, '', NULL, '', 1, NULL, '2025-02-16 12:29:54', '2025-02-16 12:29:54', 1),
(50, '20250224183711', 53, NULL, '2025-02-24 12:37:11', 'Cash', 250.00, NULL, NULL, NULL, NULL, NULL, NULL, 1, NULL, '2025-02-24 12:37:11', '2025-02-24 12:37:11', 1),
(51, '20250224183711', 53, NULL, '2025-02-24 12:37:11', 'Card', 50.00, NULL, NULL, NULL, NULL, NULL, NULL, 1, NULL, '2025-02-24 12:37:11', '2025-02-24 12:37:11', 1),
(52, '20250224183711', 53, NULL, '2025-02-24 12:37:11', 'Mobile', 100.00, NULL, NULL, NULL, NULL, NULL, NULL, 1, NULL, '2025-02-24 12:37:11', '2025-02-24 12:37:11', 1),
(53, '20250224184722', 55, NULL, '2025-02-24 12:47:22', 'Cash', 570.00, NULL, NULL, NULL, NULL, NULL, NULL, 1, NULL, '2025-02-24 12:47:22', '2025-02-24 12:47:22', 1),
(54, '20250224184722', 55, NULL, '2025-02-24 12:47:22', 'Card', 650.00, NULL, NULL, NULL, NULL, NULL, NULL, 1, NULL, '2025-02-24 12:47:22', '2025-02-24 12:47:22', 1),
(55, '20250224184722', 55, NULL, '2025-02-24 12:47:22', 'Mobile', 780.00, NULL, NULL, NULL, NULL, NULL, NULL, 1, NULL, '2025-02-24 12:47:22', '2025-02-24 12:47:22', 1),
(56, '20250224185053', 56, NULL, '2025-02-24 12:50:53', 'Cash', 1500.00, NULL, NULL, NULL, NULL, NULL, NULL, 1, NULL, '2025-02-24 12:50:53', '2025-02-24 12:50:53', 1),
(57, '20250224185053', 56, NULL, '2025-02-24 12:50:53', 'Card', 1800.00, NULL, NULL, NULL, NULL, NULL, NULL, 1, NULL, '2025-02-24 12:50:53', '2025-02-24 12:50:53', 1),
(58, '20250224185053', 56, NULL, '2025-02-24 12:50:53', 'Mobile', 2300.00, NULL, NULL, NULL, NULL, NULL, NULL, 1, NULL, '2025-02-24 12:50:53', '2025-02-24 12:50:53', 1),
(59, '20250224185544', 57, NULL, '2025-02-24 12:55:44', 'Cash', 40.00, NULL, NULL, NULL, NULL, NULL, NULL, 1, NULL, '2025-02-24 12:55:44', '2025-02-24 12:55:44', 1),
(60, '20250224185544', 57, NULL, '2025-02-24 12:55:44', 'Card', 10.00, NULL, NULL, NULL, NULL, NULL, NULL, 1, NULL, '2025-02-24 12:55:44', '2025-02-24 12:55:44', 1),
(61, '20250224185544', 57, NULL, '2025-02-24 12:55:44', 'Mobile', 70.00, NULL, NULL, NULL, NULL, NULL, NULL, 1, NULL, '2025-02-24 12:55:44', '2025-02-24 12:55:44', 1),
(62, '20250224192438', 65, NULL, '2025-02-24 13:24:38', 'Cash', 15000.00, NULL, NULL, NULL, NULL, NULL, NULL, 1, NULL, '2025-02-24 13:24:38', '2025-02-24 13:24:38', 1),
(63, '20250224192453', 66, NULL, '2025-02-24 13:24:53', 'Cash', 15000.00, NULL, NULL, NULL, NULL, NULL, NULL, 1, NULL, '2025-02-24 13:24:53', '2025-02-24 13:24:53', 1),
(64, '20250224192537', 67, NULL, '2025-02-24 13:25:37', 'Cash', 15000.00, NULL, NULL, NULL, NULL, NULL, NULL, 1, NULL, '2025-02-24 13:25:37', '2025-02-24 13:25:37', 1),
(65, '20250224192537', 67, NULL, '2025-02-24 13:25:37', 'Card', 500.00, NULL, NULL, NULL, NULL, NULL, NULL, 1, NULL, '2025-02-24 13:25:37', '2025-02-24 13:25:37', 1),
(66, '20250224192625', 68, NULL, '2025-02-24 13:26:25', 'Cash', 15000.00, NULL, NULL, NULL, NULL, NULL, NULL, 1, NULL, '2025-02-24 13:26:25', '2025-02-24 13:26:25', 1),
(67, '20250224192625', 68, NULL, '2025-02-24 13:26:25', 'Card', 500.00, NULL, NULL, NULL, NULL, NULL, NULL, 1, NULL, '2025-02-24 13:26:25', '2025-02-24 13:26:25', 1),
(68, '20250224192721', 69, NULL, '2025-02-24 13:27:21', 'Cash', 15000.00, NULL, NULL, NULL, NULL, NULL, NULL, 1, NULL, '2025-02-24 13:27:21', '2025-02-24 13:27:21', 1),
(69, '20250224192721', 69, NULL, '2025-02-24 13:27:21', 'Card', 500.00, NULL, NULL, NULL, NULL, NULL, NULL, 1, NULL, '2025-02-24 13:27:21', '2025-02-24 13:27:21', 1),
(70, '20250224192726', 70, NULL, '2025-02-24 13:27:26', 'Cash', 15000.00, NULL, NULL, NULL, NULL, NULL, NULL, 1, NULL, '2025-02-24 13:27:26', '2025-02-24 13:27:26', 1),
(71, '20250224192726', 70, NULL, '2025-02-24 13:27:26', 'Card', 500.00, NULL, NULL, NULL, NULL, NULL, NULL, 1, NULL, '2025-02-24 13:27:26', '2025-02-24 13:27:26', 1),
(72, '20250224192931', 73, NULL, '2025-02-24 13:29:31', 'Cash', 15000.00, NULL, NULL, NULL, NULL, NULL, NULL, 1, NULL, '2025-02-24 13:29:31', '2025-02-24 13:29:31', 1),
(73, '20250224192931', 73, NULL, '2025-02-24 13:29:31', 'Card', 500.00, NULL, NULL, NULL, NULL, NULL, NULL, 1, NULL, '2025-02-24 13:29:31', '2025-02-24 13:29:31', 1),
(74, '20250224192953', 74, NULL, '2025-02-24 13:29:53', 'Cash', 15000.00, NULL, NULL, NULL, NULL, NULL, NULL, 1, NULL, '2025-02-24 13:29:53', '2025-02-24 13:29:53', 1),
(75, '20250224192953', 74, NULL, '2025-02-24 13:29:53', 'Card', 500.00, NULL, NULL, NULL, NULL, NULL, NULL, 1, NULL, '2025-02-24 13:29:53', '2025-02-24 13:29:53', 1),
(76, '20250224193036', 75, NULL, '2025-02-24 13:30:36', 'Cash', 15000.00, NULL, NULL, NULL, NULL, NULL, NULL, 1, NULL, '2025-02-24 13:30:36', '2025-02-24 13:30:36', 1),
(77, '20250224193036', 75, NULL, '2025-02-24 13:30:36', 'Card', 500.00, NULL, NULL, NULL, NULL, NULL, NULL, 1, NULL, '2025-02-24 13:30:36', '2025-02-24 13:30:36', 1),
(78, '20250224193040', 76, NULL, '2025-02-24 13:30:40', 'Cash', 15000.00, NULL, NULL, NULL, NULL, NULL, NULL, 1, NULL, '2025-02-24 13:30:40', '2025-02-24 13:30:40', 1),
(79, '20250224193040', 76, NULL, '2025-02-24 13:30:40', 'Card', 500.00, NULL, NULL, NULL, NULL, NULL, NULL, 1, NULL, '2025-02-24 13:30:40', '2025-02-24 13:30:40', 1),
(80, '20250224193237', 77, NULL, '2025-02-24 13:32:37', 'Cash', 15000.00, NULL, NULL, NULL, NULL, NULL, NULL, 1, NULL, '2025-02-24 13:32:37', '2025-02-24 13:32:37', 1),
(81, '20250224193237', 77, NULL, '2025-02-24 13:32:37', 'Card', 500.00, NULL, NULL, NULL, NULL, NULL, NULL, 1, NULL, '2025-02-24 13:32:37', '2025-02-24 13:32:37', 1),
(82, '20250224193245', 78, NULL, '2025-02-24 13:32:45', 'Cash', 15000.00, NULL, NULL, NULL, NULL, NULL, NULL, 1, NULL, '2025-02-24 13:32:45', '2025-02-24 13:32:45', 1),
(83, '20250224193245', 78, NULL, '2025-02-24 13:32:45', 'Card', 8000.00, NULL, NULL, NULL, NULL, NULL, NULL, 1, NULL, '2025-02-24 13:32:45', '2025-02-24 13:32:45', 1),
(84, '20250225171455', 88, NULL, '2025-02-25 11:14:55', 'Cash', 300.00, NULL, NULL, NULL, NULL, NULL, NULL, 1, NULL, '2025-02-25 11:14:55', '2025-02-25 11:14:55', 1),
(85, '20250225171455', 88, NULL, '2025-02-25 11:14:55', 'Card', 900.00, NULL, NULL, NULL, NULL, NULL, NULL, 1, NULL, '2025-02-25 11:14:55', '2025-02-25 11:14:55', 1),
(86, '20250225171455', 88, NULL, '2025-02-25 11:14:55', 'Mobile', 2000.00, NULL, NULL, NULL, NULL, NULL, NULL, 1, NULL, '2025-02-25 11:14:55', '2025-02-25 11:14:55', 1),
(87, '20250226155538', 89, NULL, '2025-02-26 09:55:38', 'Cash', 120.00, NULL, NULL, NULL, NULL, NULL, NULL, 1, NULL, '2025-02-26 09:55:38', '2025-02-26 09:55:38', 1),
(88, '20250226155538', 89, NULL, '2025-02-26 09:55:38', 'Card', 400.00, NULL, NULL, NULL, NULL, NULL, NULL, 1, NULL, '2025-02-26 09:55:38', '2025-02-26 09:55:38', 1),
(89, '20250226172903', 94, NULL, '2025-02-26 11:29:03', 'Cash', 77.00, NULL, NULL, NULL, NULL, NULL, NULL, 1, NULL, '2025-02-26 11:29:03', '2025-02-26 11:29:03', 1),
(90, '20250226172903', 94, NULL, '2025-02-26 11:29:03', 'Card', 88.00, NULL, NULL, NULL, NULL, NULL, NULL, 1, NULL, '2025-02-26 11:29:03', '2025-02-26 11:29:03', 1),
(91, '20250226172903', 94, NULL, '2025-02-26 11:29:03', 'Mobile', 99.00, NULL, NULL, NULL, NULL, NULL, NULL, 1, NULL, '2025-02-26 11:29:03', '2025-02-26 11:29:03', 1),
(92, '20250226183323', 97, NULL, '2025-02-26 12:33:23', 'Cash', 5000.00, NULL, NULL, NULL, NULL, NULL, NULL, 1, NULL, '2025-02-26 12:33:23', '2025-02-26 12:33:23', 1),
(93, '20250226183323', 97, NULL, '2025-02-26 12:33:23', 'Card', 4000.00, NULL, NULL, NULL, NULL, NULL, NULL, 1, NULL, '2025-02-26 12:33:23', '2025-02-26 12:33:23', 1),
(94, '20250226183323', 97, NULL, '2025-02-26 12:33:23', 'Mobile', 7000.00, NULL, NULL, NULL, NULL, NULL, NULL, 1, NULL, '2025-02-26 12:33:23', '2025-02-26 12:33:23', 1),
(95, '20250226183526', 97, NULL, '2025-02-26 12:35:26', 'Bank', 4253.00, 'islami bank', '6565656', NULL, '', NULL, '', 1, NULL, '2025-02-26 12:35:26', '2025-02-26 12:35:26', 1),
(96, '20250228043342', 98, NULL, '2025-02-27 22:33:42', 'Cash', 7200.00, NULL, NULL, NULL, NULL, NULL, NULL, 1, NULL, '2025-02-27 22:33:42', '2025-02-27 22:33:42', 1),
(97, '20250228043342', 98, NULL, '2025-02-27 22:33:42', 'Card', 9200.00, NULL, NULL, NULL, NULL, NULL, NULL, 1, NULL, '2025-02-27 22:33:42', '2025-02-27 22:33:42', 1),
(98, '20250228043342', 98, NULL, '2025-02-27 22:33:42', 'Mobile', 7500.00, NULL, NULL, NULL, NULL, NULL, NULL, 1, NULL, '2025-02-27 22:33:42', '2025-02-27 22:33:42', 1),
(99, '20250228043756', 99, NULL, '2025-02-27 22:37:56', 'Cash', 400.00, NULL, NULL, NULL, NULL, NULL, NULL, 1, NULL, '2025-02-27 22:37:56', '2025-02-27 22:37:56', 1),
(100, '20250228043756', 99, NULL, '2025-02-27 22:37:56', 'Card', 200.00, NULL, NULL, NULL, NULL, NULL, NULL, 1, NULL, '2025-02-27 22:37:56', '2025-02-27 22:37:56', 1),
(101, '20250228043756', 99, NULL, '2025-02-27 22:37:56', 'Mobile', 300.00, NULL, NULL, NULL, NULL, NULL, NULL, 1, NULL, '2025-02-27 22:37:56', '2025-02-27 22:37:56', 1),
(102, '20250228043823', 100, NULL, '2025-02-27 22:38:23', 'Cash', 400.00, NULL, NULL, NULL, NULL, NULL, NULL, 1, NULL, '2025-02-27 22:38:23', '2025-02-27 22:38:23', 1),
(103, '20250228043823', 100, NULL, '2025-02-27 22:38:23', 'Card', 200.00, NULL, NULL, NULL, NULL, NULL, NULL, 1, NULL, '2025-02-27 22:38:23', '2025-02-27 22:38:23', 1),
(104, '20250228043823', 100, NULL, '2025-02-27 22:38:23', 'Mobile', 800.00, NULL, NULL, NULL, NULL, NULL, NULL, 1, NULL, '2025-02-27 22:38:23', '2025-02-27 22:38:23', 1),
(105, '20250228055907', 101, NULL, '2025-02-27 23:59:07', 'Cash', 10000.00, NULL, NULL, NULL, NULL, NULL, NULL, 1, NULL, '2025-02-27 23:59:07', '2025-02-27 23:59:07', 1),
(106, '20250228055907', 101, NULL, '2025-02-27 23:59:07', 'Card', 12500.00, NULL, NULL, NULL, NULL, NULL, NULL, 1, NULL, '2025-02-27 23:59:07', '2025-02-27 23:59:07', 1),
(107, '20250228055907', 101, NULL, '2025-02-27 23:59:07', 'Mobile', 7000.00, NULL, NULL, NULL, NULL, NULL, NULL, 1, NULL, '2025-02-27 23:59:07', '2025-02-27 23:59:07', 1),
(108, '20250301053419', 110, NULL, '2025-02-28 23:34:19', 'Cash', 100.00, NULL, NULL, NULL, NULL, NULL, NULL, 1, NULL, '2025-02-28 23:34:19', '2025-02-28 23:34:19', 1),
(109, '20250301053441', 111, NULL, '2025-02-28 23:34:41', 'Cash', 100.00, NULL, NULL, NULL, NULL, NULL, NULL, 1, NULL, '2025-02-28 23:34:41', '2025-02-28 23:34:41', 1);

-- --------------------------------------------------------

--
-- Table structure for table `payment_methods`
--

CREATE TABLE `payment_methods` (
  `id` int(11) NOT NULL,
  `method_name` varchar(50) NOT NULL
) ENGINE=InnoDB DEFAULT CHARSET=utf8mb4 COLLATE=utf8mb4_unicode_ci;

--
-- Dumping data for table `payment_methods`
--

INSERT INTO `payment_methods` (`id`, `method_name`) VALUES
(4, 'Bank Transfer'),
(2, 'Card'),
(1, 'Cash'),
(3, 'Online Banking');

-- --------------------------------------------------------

--
-- Table structure for table `products`
--

CREATE TABLE `products` (
  `id` int(10) UNSIGNED NOT NULL,
  `name` varchar(255) NOT NULL,
  `product_url` varchar(255) CHARACTER SET utf8 COLLATE utf8_general_ci NOT NULL,
  `barcode` varchar(100) CHARACTER SET utf8 COLLATE utf8_general_ci DEFAULT NULL,
  `isbn` varchar(25) NOT NULL,
  `author_id` int(11) UNSIGNED DEFAULT NULL,
  `publisher_id` int(11) UNSIGNED DEFAULT NULL,
  `description` text DEFAULT NULL,
  `short_description` text DEFAULT NULL,
  `publication_date` date DEFAULT NULL,
  `cover_image_url` varchar(255) DEFAULT NULL,
  `status` tinyint(4) NOT NULL,
  `new_product` tinyint(1) DEFAULT NULL,
  `featured` tinyint(1) DEFAULT NULL,
  `meta_title` varchar(255) DEFAULT NULL,
  `meta_description` text DEFAULT NULL,
  `meta_keywords` text DEFAULT NULL,
  `product_type` enum('physical','digital') DEFAULT NULL,
  `regular_price` decimal(10,2) DEFAULT NULL,
  `sale_price` decimal(10,2) DEFAULT NULL,
  `mrp_price` decimal(10,2) DEFAULT NULL,
  `buy_price` decimal(10,2) DEFAULT NULL,
  `tax_status` varchar(50) DEFAULT NULL,
  `tax_included` tinyint(1) DEFAULT NULL,
  `expiry_date` date DEFAULT NULL,
  `sku` varchar(100) DEFAULT NULL,
  `stock_quantity` int(11) UNSIGNED DEFAULT NULL,
  `manage_stock` tinyint(1) DEFAULT NULL,
  `stock_status` enum('in_stock','out_of_stock','backorder') DEFAULT NULL,
  `tax_class` varchar(50) DEFAULT NULL,
  `created_at` timestamp NOT NULL DEFAULT current_timestamp(),
  `updated_at` timestamp NOT NULL DEFAULT current_timestamp() ON UPDATE current_timestamp(),
  `published_at` timestamp NULL DEFAULT NULL,
  `visible_individually` tinyint(1) DEFAULT NULL,
  `created_by` int(11) DEFAULT NULL,
  `updated_by` int(11) DEFAULT NULL,
  `category_id` int(11) DEFAULT NULL,
  `published_status` tinyint(4) DEFAULT NULL
) ENGINE=InnoDB DEFAULT CHARSET=utf8 COLLATE=utf8_unicode_ci;

--
-- Dumping data for table `products`
--

INSERT INTO `products` (`id`, `name`, `product_url`, `barcode`, `isbn`, `author_id`, `publisher_id`, `description`, `short_description`, `publication_date`, `cover_image_url`, `status`, `new_product`, `featured`, `meta_title`, `meta_description`, `meta_keywords`, `product_type`, `regular_price`, `sale_price`, `mrp_price`, `buy_price`, `tax_status`, `tax_included`, `expiry_date`, `sku`, `stock_quantity`, `manage_stock`, `stock_status`, `tax_class`, `created_at`, `updated_at`, `published_at`, `visible_individually`, `created_by`, `updated_by`, `category_id`, `published_status`) VALUES
(1, 'Ethical A4 80 GMS BBB-vvv', 'ethical-a4-80-gms-bbb-vvv', '100', '978-1234567890', 1, 1, 'বাংলাদেশের ইতিহাস নিয়ে বিস্তারিত আলোচনা করা হয়েছে। fgfgfg', 'Short Description\r\ng', '2024-11-01', 'https://example.com/image1.jpg', 1, 1, 0, 'Meta Title', 'Meta Description', 'null', 'physical', 7555555.00, 22222.00, 400.00, NULL, 'null', 0, NULL, '522000', 0, 1, 'in_stock', 'null', '2024-11-24 18:00:00', '2025-03-07 03:11:14', '2025-03-06 18:00:00', 1, NULL, NULL, 0, NULL),
(2, 'কর্মসংস্থান ও অর্থনীতি', 'kormo-songsthan-o-orthoniti', '101', '978-1234567891', 1, 2, 'বাংলাদেশের অর্থনীতি ও কর্মসংস্থান সম্পর্কিত তথ্য।', NULL, '2024-11-05', 'https://example.com/image2.jpg', 1, NULL, NULL, NULL, NULL, NULL, NULL, 1000.00, 300.00, 4000.00, NULL, NULL, NULL, NULL, NULL, NULL, NULL, NULL, NULL, '2024-11-24 18:00:00', '2025-03-05 16:53:09', NULL, NULL, NULL, NULL, 0, NULL),
(3, 'বাংলা সাহিত্য', 'bangla-sahityadfdf-dfdfdfdf', '102', '978-1234567892', 1, 3, 'বাংলা সাহিত্যের ইতিহাস এবং তার সমৃদ্ধি।', 'Short Description', '2024-11-10', 'https://example.com/image3.jpg', 1, 1, 0, NULL, NULL, NULL, 'physical', 400.00, 400.00, 500.00, NULL, '0', 0, '2025-04-27', '5454687', 0, 1, 'backorder', '2', '2024-11-24 18:00:00', '2025-03-14 03:22:52', '2025-03-06 18:00:00', 1, NULL, NULL, 0, 1),
(4, 'মানবাধিকার', 'manobadhikar', NULL, '978-1234567893', 4, 1, 'মানবাধিকার এবং এর মৌলিক ধারণাগুলোর আলোচনা।', NULL, '2024-11-15', 'https://example.com/image4.jpg', 1, 1, 0, NULL, NULL, NULL, 'physical', 0.00, 0.00, 0.00, NULL, NULL, 0, '2026-03-14', NULL, 0, 0, NULL, NULL, '2024-11-24 18:00:00', '2025-03-14 04:13:05', '2025-03-13 18:00:00', 1, NULL, NULL, 0, 1),
(5, 'বিশ্ব রাজনীতি', 'bishwo-rajnoitik', NULL, '978-1234567894', 5, 1, 'বিশ্ব রাজনীতির বর্তমান পরিস্থিতি এবং বিশ্লেষণ।', NULL, '2024-11-20', 'https://example.com/image5.jpg', 1, NULL, NULL, NULL, NULL, NULL, NULL, NULL, NULL, NULL, NULL, NULL, NULL, NULL, NULL, NULL, NULL, NULL, NULL, '2024-11-24 18:00:00', '2025-01-06 18:09:41', NULL, NULL, NULL, NULL, 0, NULL),
(6, 'ধর্ম ও সমাজ', 'dhormo-o-somaj', NULL, '978-1234567895', 6, 1, 'ধর্ম এবং সমাজের সম্পর্ক এবং এর প্রভাব নিয়ে আলোচনা।', NULL, '2024-11-25', 'https://example.com/image6.jpg', 1, NULL, NULL, NULL, NULL, NULL, NULL, NULL, NULL, NULL, NULL, NULL, NULL, NULL, NULL, NULL, NULL, NULL, NULL, '2024-11-24 18:00:00', '2025-01-06 18:09:43', NULL, NULL, NULL, NULL, 0, NULL),
(7, 'তথ্য প্রযুক্তি', 'tothho-projukti', NULL, '978-1234567896', 7, 7, 'তথ্য প্রযুক্তির অগ্রগতি এবং এর প্রভাব।', NULL, '2024-11-28', 'https://example.com/image7.jpg', 1, NULL, NULL, NULL, NULL, NULL, NULL, NULL, NULL, NULL, NULL, NULL, NULL, NULL, NULL, NULL, NULL, NULL, NULL, '2024-11-24 18:00:00', '2024-11-24 18:00:00', NULL, NULL, NULL, NULL, 0, NULL),
(8, 'বাংলাদেশের রাজনীতি', 'bangladesher-rajnoitik', NULL, '978-1234567897', 8, 8, 'বাংলাদেশের রাজনীতির ইতিহাস এবং বর্তমান অবস্থান।', NULL, '2024-11-30', 'https://example.com/image8.jpg', 1, NULL, NULL, NULL, NULL, NULL, NULL, NULL, NULL, NULL, NULL, NULL, NULL, NULL, NULL, NULL, NULL, NULL, NULL, '2024-11-24 18:00:00', '2024-11-24 18:00:00', NULL, NULL, NULL, NULL, 0, NULL),
(9, 'বিশ্ব ইতিহাস', 'bishwo-itihash', NULL, '978-1234567898', 9, 9, 'বিশ্ব ইতিহাসের প্রধান ঘটনা এবং তাদের বিশ্লেষণ।', NULL, '2024-12-01', 'https://example.com/image9.jpg', 1, NULL, NULL, NULL, NULL, NULL, NULL, NULL, NULL, NULL, NULL, NULL, NULL, NULL, NULL, NULL, NULL, NULL, NULL, '2024-11-24 18:00:00', '2024-11-24 18:00:00', NULL, NULL, NULL, NULL, 0, NULL),
(10, 'নৃতত্ত্ব', 'nritottwo', NULL, '978-1234567899', 10, 10, 'নৃতত্ত্ব এবং মানুষের বিকাশের ইতিহাস।', NULL, '2024-12-05', 'https://example.com/image10.jpg', 1, NULL, NULL, NULL, NULL, NULL, NULL, NULL, NULL, NULL, NULL, NULL, NULL, NULL, NULL, NULL, NULL, NULL, NULL, '2024-11-24 18:00:00', '2024-11-24 18:00:00', NULL, NULL, NULL, NULL, 0, NULL),
(11, 'অর্থনীতি ও সমাজ', 'orthoniti-o-somaj', NULL, '978-1234567900', 11, 11, 'অর্থনীতি এবং সমাজের সম্পর্ক নিয়ে বিস্তারিত আলোচনা।', NULL, '2024-12-10', 'https://example.com/image11.jpg', 1, NULL, NULL, NULL, NULL, NULL, NULL, NULL, NULL, NULL, NULL, NULL, NULL, NULL, NULL, NULL, NULL, NULL, NULL, '2024-11-24 18:00:00', '2024-11-24 18:00:00', NULL, NULL, NULL, NULL, 0, NULL),
(12, 'প্রাচীন ইতিহাস', 'prachin-itihash', NULL, '978-1234567901', 12, 12, 'বিশ্বের প্রাচীন ইতিহাস নিয়ে একটি গভীর বিশ্লেষণ।', NULL, '2024-12-12', 'https://example.com/image12.jpg', 1, NULL, NULL, NULL, NULL, NULL, NULL, NULL, NULL, NULL, NULL, NULL, NULL, NULL, NULL, NULL, NULL, NULL, NULL, '2024-11-24 18:00:00', '2024-11-24 18:00:00', NULL, NULL, NULL, NULL, 0, NULL),
(13, 'বিশ্ব ভাষা', 'bishwo-bhasha', NULL, '978-1234567902', 13, 13, 'বিশ্বের প্রধান ভাষাগুলোর বিবরণ এবং তাদের গুরুত্ব।', NULL, '2024-12-15', 'https://example.com/image13.jpg', 1, NULL, NULL, NULL, NULL, NULL, NULL, NULL, NULL, NULL, NULL, NULL, NULL, NULL, NULL, NULL, NULL, NULL, NULL, '2024-11-24 18:00:00', '2024-11-24 18:00:00', NULL, NULL, NULL, NULL, 0, NULL),
(14, 'নতুন প্রযুক্তি', 'notun-projukti', NULL, '978-1234567903', 14, 14, 'তথ্যপ্রযুক্তির নতুন দিগন্ত এবং তার প্রভাব।', NULL, '2024-12-18', 'https://example.com/image14.jpg', 1, NULL, NULL, NULL, NULL, NULL, NULL, NULL, NULL, NULL, NULL, NULL, NULL, NULL, NULL, NULL, NULL, NULL, NULL, '2024-11-24 18:00:00', '2024-11-24 18:00:00', NULL, NULL, NULL, NULL, 0, NULL),
(15, 'মনোবিজ্ঞান', 'monobiggan', NULL, '978-1234567904', 15, 15, 'মনোবিজ্ঞান এবং মানুষের আচরণ বিশ্লেষণ।', NULL, '2024-12-20', 'https://example.com/image15.jpg', 1, NULL, NULL, NULL, NULL, NULL, NULL, NULL, NULL, NULL, NULL, NULL, NULL, NULL, NULL, NULL, NULL, NULL, NULL, '2024-11-24 18:00:00', '2024-11-24 18:00:00', NULL, NULL, NULL, NULL, 0, NULL),
(16, 'বাংলাদেশের সংস্কৃতি', 'bangladesher-songskriti', NULL, '978-1234567905', 16, 16, 'বাংলাদেশের সাংস্কৃতিক ঐতিহ্য এবং তার উন্নতি।', NULL, '2024-12-22', 'https://example.com/image16.jpg', 1, NULL, NULL, NULL, NULL, NULL, NULL, NULL, NULL, NULL, NULL, NULL, NULL, NULL, NULL, NULL, NULL, NULL, NULL, '2024-11-24 18:00:00', '2024-11-24 18:00:00', NULL, NULL, NULL, NULL, 0, NULL),
(17, 'বিজ্ঞান ও প্রযুক্তি', 'biggan-o-projukti', NULL, '978-1234567906', 17, 17, 'বিজ্ঞান ও প্রযুক্তির অগ্রগতি এবং তার সামাজিক প্রভাব।', NULL, '2024-12-25', 'https://example.com/image17.jpg', 1, NULL, NULL, NULL, NULL, NULL, NULL, NULL, NULL, NULL, NULL, NULL, NULL, NULL, NULL, NULL, NULL, NULL, NULL, '2024-11-24 18:00:00', '2024-11-24 18:00:00', NULL, NULL, NULL, NULL, 0, NULL),
(18, 'জীববিজ্ঞান', 'jibbiggan', NULL, '978-1234567907', 18, 18, 'জীববিজ্ঞান এবং প্রাকৃতিক পরিবেশের সম্পর্ক।', NULL, '2024-12-28', 'https://example.com/image18.jpg', 1, NULL, NULL, NULL, NULL, NULL, NULL, NULL, NULL, NULL, NULL, NULL, NULL, NULL, NULL, NULL, NULL, NULL, NULL, '2024-11-24 18:00:00', '2024-11-24 18:00:00', NULL, NULL, NULL, NULL, 0, NULL),
(19, 'কৃষি ও পরিবেশ', 'krishi-o-poribesh', NULL, '978-1234567908', 19, 19, 'কৃষির উন্নতি এবং পরিবেশের প্রভাব সম্পর্কে আলোচনা।', NULL, '2025-01-01', 'https://example.com/image19.jpg', 1, NULL, NULL, NULL, NULL, NULL, NULL, NULL, NULL, NULL, NULL, NULL, NULL, NULL, NULL, NULL, NULL, NULL, NULL, '2024-11-24 18:00:00', '2024-11-24 18:00:00', NULL, NULL, NULL, NULL, 0, NULL),
(20, 'শিল্পকলার ইতিহাস', 'shilpokalar-itihash', NULL, '978-1234567909', 20, 20, 'বিশ্বের প্রধান শিল্পকলার ইতিহাস এবং এর বিবর্তন।', NULL, '2025-01-05', 'https://example.com/image20.jpg', 1, NULL, NULL, NULL, NULL, NULL, NULL, NULL, NULL, NULL, NULL, NULL, NULL, NULL, NULL, NULL, NULL, NULL, NULL, '2024-11-24 18:00:00', '2024-11-24 18:00:00', NULL, NULL, NULL, NULL, 0, NULL),
(21, 'বাংলাদেশের রাজনীতি', 'bangladesher-rajnoiti', NULL, '978-1234567910', 21, 12, 'বাংলাদেশের রাজনীতি এবং তার পদ্ধতিগত বিশ্লেষণ।', NULL, '2025-01-10', 'https://example.com/image21.jpg', 1, NULL, NULL, NULL, NULL, NULL, NULL, NULL, NULL, NULL, NULL, NULL, NULL, NULL, NULL, NULL, NULL, NULL, NULL, '2024-11-24 18:00:00', '2024-11-24 18:00:00', NULL, NULL, NULL, NULL, 0, NULL),
(22, 'মহাকাব্য ও সাহিত্য', 'mahakabyo-o-shahitya', NULL, '978-1234567911', 22, 12, 'বিশ্ব মহাকাব্য এবং সাহিত্যিকদের রচনা বিশ্লেষণ।', NULL, '2025-01-15', 'https://example.com/image22.jpg', 1, NULL, NULL, NULL, NULL, NULL, NULL, NULL, NULL, NULL, NULL, NULL, NULL, NULL, NULL, NULL, NULL, NULL, NULL, '2024-11-24 18:00:00', '2024-11-24 18:00:00', NULL, NULL, NULL, NULL, 0, NULL),
(23, 'ব্যবসা ও অর্থনীতি', 'byabosa-o-orthoniti', NULL, '978-1234567912', 23, 12, 'ব্যবসা এবং অর্থনীতির সমন্বয় এবং তাদের প্রভাব।', NULL, '2025-01-18', 'https://example.com/image23.jpg', 1, NULL, NULL, NULL, NULL, NULL, NULL, NULL, NULL, NULL, NULL, NULL, NULL, NULL, NULL, NULL, NULL, NULL, NULL, '2024-11-24 18:00:00', '2024-11-24 18:00:00', NULL, NULL, NULL, NULL, 0, NULL),
(24, 'গণিতের ধারণা', 'goniter-dhadhona', NULL, '978-1234567913', 24, 14, 'গণিতের মূল ধারণা এবং তার ব্যবহারিক প্রয়োগ।', NULL, '2025-01-20', 'https://example.com/image24.jpg', 1, NULL, NULL, NULL, NULL, NULL, NULL, NULL, NULL, NULL, NULL, NULL, NULL, NULL, NULL, NULL, NULL, NULL, NULL, '2024-11-24 18:00:00', '2024-11-24 18:00:00', NULL, NULL, NULL, NULL, 0, NULL),
(25, 'বিশ্ব ভূগোল', 'bishwo-bhugol', NULL, '978-1234567914', 25, 14, 'বিশ্ব ভূগোল এবং পৃথিবীর বিভিন্ন অঞ্চলের বিশ্লেষণ।', NULL, '2025-01-22', 'https://example.com/image25.jpg', 1, NULL, NULL, NULL, NULL, NULL, NULL, NULL, NULL, NULL, NULL, NULL, NULL, NULL, NULL, NULL, NULL, NULL, NULL, '2024-11-24 18:00:00', '2024-11-24 18:00:00', NULL, NULL, NULL, NULL, 0, NULL),
(26, 'শিক্ষা ব্যবস্থা', 'shikkha-babostha', NULL, '978-1234567915', 26, 4, 'শিক্ষা ব্যবস্থার অগ্রগতি এবং চ্যালেঞ্জ।', NULL, '2025-01-25', 'https://example.com/image26.jpg', 1, NULL, NULL, NULL, NULL, NULL, NULL, NULL, NULL, NULL, NULL, NULL, NULL, NULL, NULL, NULL, NULL, NULL, NULL, '2024-11-24 18:00:00', '2024-11-24 18:00:00', NULL, NULL, NULL, NULL, 0, NULL),
(27, 'আধুনিক বিজ্ঞান', 'adhunik-biggan', NULL, '978-1234567916', 27, 17, 'আধুনিক বিজ্ঞান এবং তার সমসাময়িক প্রভাব।', NULL, '2025-01-28', 'https://example.com/image27.jpg', 1, NULL, NULL, NULL, NULL, NULL, NULL, NULL, NULL, NULL, NULL, NULL, NULL, NULL, NULL, NULL, NULL, NULL, NULL, '2024-11-24 18:00:00', '2024-11-24 18:00:00', NULL, NULL, NULL, NULL, 0, NULL),
(28, 'গ্রন্থাগার ও তথ্য বিজ্ঞান', 'gronthagar-o-tothyo-biggan', NULL, '978-1234567917', 28, 18, 'গ্রন্থাগার পরিচালনা এবং তথ্য সংরক্ষণ ব্যবস্থার বিবরণ।', NULL, '2025-02-01', 'https://example.com/image28.jpg', 1, NULL, NULL, NULL, NULL, NULL, NULL, NULL, NULL, NULL, NULL, NULL, NULL, NULL, NULL, NULL, NULL, NULL, NULL, '2024-11-24 18:00:00', '2024-11-24 18:00:00', NULL, NULL, NULL, NULL, 0, NULL),
(29, 'ভাষা ও সাহিত্য সংস্কৃতি', 'bhasha-o-shahitya-songskriti', NULL, '978-1234567918', 29, 14, 'ভাষা এবং সাহিত্য সংস্কৃতি সম্পর্কিত গুরুত্বপূর্ণ আলোচনা।', NULL, '2025-02-05', 'https://example.com/image29.jpg', 1, NULL, NULL, NULL, NULL, NULL, NULL, NULL, NULL, NULL, NULL, NULL, NULL, NULL, NULL, NULL, NULL, NULL, NULL, '2024-11-24 18:00:00', '2024-11-24 18:00:00', NULL, NULL, NULL, NULL, 0, NULL),
(30, 'সামাজিক বিজ্ঞান', 'samajik-biggan', NULL, '978-1234567919', 30, 10, 'সামাজিক বিজ্ঞান এবং তার বিভিন্ন দিকের বিশ্লেষণ।', NULL, '2025-02-08', 'https://example.com/image30.jpg', 1, NULL, NULL, NULL, NULL, NULL, NULL, NULL, NULL, NULL, NULL, NULL, NULL, NULL, NULL, NULL, NULL, NULL, NULL, '2024-11-24 18:00:00', '2024-11-24 18:00:00', NULL, NULL, NULL, NULL, 0, NULL);

-- --------------------------------------------------------

--
-- Table structure for table `product_attributes`
--

CREATE TABLE `product_attributes` (
  `id` int(10) UNSIGNED NOT NULL,
  `product_id` int(10) UNSIGNED NOT NULL,
  `attribute_value_id` int(10) UNSIGNED NOT NULL,
  `created_at` timestamp NOT NULL DEFAULT current_timestamp(),
  `updated_at` timestamp NOT NULL DEFAULT current_timestamp() ON UPDATE current_timestamp()
) ENGINE=InnoDB DEFAULT CHARSET=utf8mb4 COLLATE=utf8mb4_unicode_ci;

--
-- Dumping data for table `product_attributes`
--

INSERT INTO `product_attributes` (`id`, `product_id`, `attribute_value_id`, `created_at`, `updated_at`) VALUES
(15, 3, 1, '2025-03-12 19:18:48', '2025-03-12 19:18:48'),
(28, 3, 2, '2025-03-13 18:31:58', '2025-03-13 18:31:58'),
(29, 3, 3, '2025-03-13 18:31:58', '2025-03-13 18:31:58'),
(30, 3, 4, '2025-03-13 18:31:58', '2025-03-13 18:31:58'),
(31, 3, 5, '2025-03-13 18:31:58', '2025-03-13 18:31:58');

-- --------------------------------------------------------

--
-- Table structure for table `product_categories`
--

CREATE TABLE `product_categories` (
  `id` int(10) UNSIGNED NOT NULL,
  `product_id` int(10) UNSIGNED NOT NULL,
  `category_id` int(10) UNSIGNED NOT NULL,
  `created_by` int(11) DEFAULT NULL,
  `updated_by` int(11) DEFAULT NULL,
  `created_at` timestamp NULL DEFAULT NULL,
  `updated_at` timestamp NULL DEFAULT NULL
) ENGINE=InnoDB DEFAULT CHARSET=utf8 COLLATE=utf8_unicode_ci;

--
-- Dumping data for table `product_categories`
--

INSERT INTO `product_categories` (`id`, `product_id`, `category_id`, `created_by`, `updated_by`, `created_at`, `updated_at`) VALUES
(17, 4, 3, 1, 1, NULL, NULL),
(18, 4, 4, 1, 1, NULL, NULL),
(19, 4, 5, 1, 1, NULL, NULL),
(20, 4, 6, 1, 1, NULL, NULL),
(21, 4, 7, 1, 1, NULL, NULL),
(30, 4, 57, 1, 1, NULL, NULL),
(31, 4, 58, 1, 1, NULL, NULL);

-- --------------------------------------------------------

--
-- Table structure for table `product_group_prices`
--

CREATE TABLE `product_group_prices` (
  `id` int(10) UNSIGNED NOT NULL,
  `product_id` int(10) UNSIGNED NOT NULL,
  `customer_group_id` int(10) NOT NULL,
  `qty` int(10) NOT NULL,
  `discount_type` tinyint(4) DEFAULT NULL COMMENT '1=discount percent, 2=Fixed amount',
  `discount_amt` decimal(10,2) DEFAULT NULL,
  `amount` decimal(8,2) NOT NULL,
  `status` tinyint(4) DEFAULT NULL,
  `created_by` int(11) DEFAULT NULL,
  `updated_by` int(11) DEFAULT NULL,
  `created_at` timestamp NULL DEFAULT NULL,
  `updated_at` timestamp NULL DEFAULT NULL
) ENGINE=InnoDB DEFAULT CHARSET=utf8 COLLATE=utf8_unicode_ci;

-- --------------------------------------------------------

--
-- Table structure for table `product_images`
--

CREATE TABLE `product_images` (
  `id` int(10) UNSIGNED NOT NULL,
  `product_id` int(10) UNSIGNED NOT NULL,
  `src` varchar(255) CHARACTER SET utf8 COLLATE utf8_general_ci DEFAULT NULL,
  `alt` varchar(255) CHARACTER SET utf8 COLLATE utf8_general_ci DEFAULT NULL,
  `status` tinyint(4) DEFAULT NULL,
  `created_by` int(11) DEFAULT NULL,
  `updated_by` int(11) DEFAULT NULL,
  `created_at` timestamp NULL DEFAULT NULL,
  `updated_at` timestamp NULL DEFAULT NULL
) ENGINE=InnoDB DEFAULT CHARSET=utf8 COLLATE=utf8_unicode_ci;

--
-- Dumping data for table `product_images`
--

INSERT INTO `product_images` (`id`, `product_id`, `src`, `alt`, `status`, `created_by`, `updated_by`, `created_at`, `updated_at`) VALUES
(45, 3, 'uploads/products/1741341359_305_bag9.jpg', 'bag9.jpg', 1, NULL, NULL, '2025-03-07 03:55:59', '2025-03-07 03:55:59'),
(53, 3, 'uploads/products/1741935892_358_bag-2.jpg', 'bag-2.jpg', 1, NULL, NULL, '2025-03-14 01:04:52', '2025-03-14 01:04:52'),
(54, 3, 'uploads/products/1741935892_805_bag-3.jpg', 'bag-3.jpg', 1, NULL, NULL, '2025-03-14 01:04:52', '2025-03-14 01:04:52'),
(55, 3, 'uploads/products/1741935892_734_bag-5.jpg', 'bag-5.jpg', 1, NULL, NULL, '2025-03-14 01:04:52', '2025-03-14 01:04:52'),
(70, 4, 'uploads/products/1741941728_761_bag-3.jpg', 'bag-3.jpg', 1, NULL, NULL, '2025-03-14 02:42:08', '2025-03-14 02:42:08');

-- --------------------------------------------------------

--
-- Table structure for table `product_specifications`
--

CREATE TABLE `product_specifications` (
  `id` int(10) UNSIGNED NOT NULL,
  `product_id` int(10) UNSIGNED NOT NULL,
  `specification_id` int(10) UNSIGNED NOT NULL,
  `value` varchar(255) NOT NULL,
  `created_at` timestamp NOT NULL DEFAULT current_timestamp(),
  `updated_at` timestamp NOT NULL DEFAULT current_timestamp() ON UPDATE current_timestamp()
) ENGINE=InnoDB DEFAULT CHARSET=utf8mb4 COLLATE=utf8mb4_general_ci;

--
-- Dumping data for table `product_specifications`
--

INSERT INTO `product_specifications` (`id`, `product_id`, `specification_id`, `value`, `created_at`, `updated_at`) VALUES
(8, 1, 1, '6GB', '2025-03-11 15:43:23', '2025-03-11 15:43:23'),
(9, 1, 2, '4000mAh', '2025-03-11 15:43:23', '2025-03-11 15:43:23'),
(22, 3, 26, 'SUPPORT DUAL SIM', '2025-03-13 17:37:26', '2025-03-14 03:22:52'),
(23, 3, 13, 'WINDO, LINUX', '2025-03-13 17:37:26', '2025-03-14 03:22:52');

-- --------------------------------------------------------

--
-- Table structure for table `product_tags`
--

CREATE TABLE `product_tags` (
  `id` int(10) UNSIGNED NOT NULL,
  `product_id` int(10) UNSIGNED NOT NULL,
  `tag_id` int(10) UNSIGNED NOT NULL,
  `created_at` timestamp NOT NULL DEFAULT current_timestamp(),
  `updated_at` timestamp NOT NULL DEFAULT current_timestamp() ON UPDATE current_timestamp()
) ENGINE=InnoDB DEFAULT CHARSET=utf8mb4 COLLATE=utf8mb4_unicode_ci;

-- --------------------------------------------------------

--
-- Table structure for table `product_variant_prices`
--

CREATE TABLE `product_variant_prices` (
  `id` int(10) UNSIGNED NOT NULL,
  `product_id` int(10) UNSIGNED NOT NULL,
  `variant_name` varchar(255) NOT NULL,
  `buy_price` decimal(10,2) NOT NULL,
  `sale_price` decimal(10,2) NOT NULL,
  `mrp_price` decimal(10,2) DEFAULT NULL,
  `status` tinyint(4) DEFAULT NULL,
  `created_by` int(11) DEFAULT NULL,
  `updated_by` int(11) DEFAULT NULL,
  `created_at` timestamp NULL DEFAULT NULL,
  `updated_at` timestamp NULL DEFAULT NULL
) ENGINE=InnoDB DEFAULT CHARSET=utf8 COLLATE=utf8_unicode_ci;

-- --------------------------------------------------------

--
-- Table structure for table `publishers`
--

CREATE TABLE `publishers` (
  `id` int(11) UNSIGNED NOT NULL,
  `code` varchar(255) DEFAULT NULL,
  `name` varchar(255) NOT NULL,
  `address` text DEFAULT NULL,
  `website` varchar(255) DEFAULT NULL,
  `created_at` timestamp NOT NULL DEFAULT current_timestamp(),
  `updated_at` timestamp NOT NULL DEFAULT current_timestamp() ON UPDATE current_timestamp(),
  `status` tinyint(4) DEFAULT 1
) ENGINE=InnoDB DEFAULT CHARSET=utf8mb4 COLLATE=utf8mb4_unicode_ci;

--
-- Dumping data for table `publishers`
--

INSERT INTO `publishers` (`id`, `code`, `name`, `address`, `website`, `created_at`, `updated_at`, `status`) VALUES
(1, 'P01', 'কাকলি প্রকাশনী', 'ঢাকা, বাংলাদেশ', 'www.kakolipro.com', '2024-11-24 18:00:00', '2024-11-24 18:00:00', 1),
(2, 'P02', 'খান ব্রাদার্স অ্যান্ড কো.', 'বনানী, ঢাকা, বাংলাদেশ', 'www.khanbrothers.com', '2024-11-24 18:00:00', '2024-11-24 18:00:00', 1),
(3, 'P03', 'মাওলা ব্রাদার্স', 'মতিঝিল, ঢাকা, বাংলাদেশ', 'www.maowlabrothers.com', '2024-11-24 18:00:00', '2024-11-24 18:00:00', 1),
(4, 'P04', 'মোদীনা পাবলিকেশনস', 'গোলাপবাগ, ঢাকা, বাংলাদেশ', 'www.modeenapub.com', '2024-11-24 18:00:00', '2024-11-24 18:00:00', 1),
(5, 'P05', 'মনিটর পাবলিকেশনস', 'কাঠালবাগান, ঢাকা, বাংলাদেশ', 'www.monitorpub.com', '2024-11-24 18:00:00', '2024-11-24 18:00:00', 1),
(6, 'P06', 'মুক্তধারা', 'লালমাটিয়া, ঢাকা, বাংলাদেশ', 'www.muktadhara.com', '2024-11-24 18:00:00', '2024-11-24 18:00:00', 1),
(7, 'P07', 'নওরোজ কিতাবিস্তান', 'ঢাকা, বাংলাদেশ', 'www.naworozkitabistan.com', '2024-11-24 18:00:00', '2024-11-24 18:00:00', 1),
(8, 'P08', 'পথক সমাবেশ', 'সেকশন ১০, ঢাকাবাংলাদেশ', 'www.pathaksamabesh.com', '2024-11-24 18:00:00', '2024-11-24 18:00:00', 1),
(9, 'P09', 'প্যাবাইরাস', 'শাহবাগ, ঢাকা, বাংলাদেশ', 'www.pabyrus.com', '2024-11-24 18:00:00', '2024-11-24 18:00:00', 1),
(10, 'P10', 'প্রতিক প্রকাশনা সংগঠন', 'রামপুরা, ঢাকা, বাংলাদেশ', 'www.protikpub.com', '2024-11-24 18:00:00', '2024-11-24 18:00:00', 1),
(11, 'P11', 'শাহিত্য প্রকাশ', 'বংশাল, ঢাকা, বাংলাদেশ', 'www.shahityaprokash.com', '2024-11-24 18:00:00', '2024-11-24 18:00:00', 1),
(12, 'P12', 'শিখা প্রকাশনী', 'ধানমন্ডি, ঢাকা, বাংলাদেশ', 'www.shikhaprokashoni.com', '2024-11-24 18:00:00', '2024-11-24 18:00:00', 1),
(13, 'P13', 'সবর্ণা', 'ক্যান্টনমেন্ট, ঢাকা, বাংলাদেশ', 'www.subornapub.com', '2024-11-24 18:00:00', '2024-11-24 18:00:00', 1),
(14, 'P14', 'বিশ্ববিদ্যালয় প্রেস', 'ধানমন্ডি, ঢাকা, বাংলাদেশ', 'www.uplbd.com', '2024-11-24 18:00:00', '2024-11-24 18:00:00', 1),
(15, 'P15', 'তানিয়া পাবলিকেশনস', 'গাবতলী, ঢাকা, বাংলাদেশ', 'www.taniapub.com', '2024-11-24 18:00:00', '2024-11-24 18:00:00', 1),
(16, 'P16', 'ইন্ডিয়া বুকস', 'বঙ্গবন্ধু সেতু, টাঙ্গাইল, বাংলাদেশ', 'www.indiabooksbd.com', '2024-11-24 18:00:00', '2024-11-24 18:00:00', 1),
(17, 'P17', 'বঙ্গ প্রকাশনী', 'উত্তরা, ঢাকা, বাংলাদেশ', 'www.bongoprokashoni.com', '2024-11-24 18:00:00', '2024-11-24 18:00:00', 1),
(18, 'P18', 'ভাওয়া প্রকাশন', 'বরিশাল, বাংলাদেশ', 'www.bhawapub.com', '2024-11-24 18:00:00', '2024-11-24 18:00:00', 1),
(19, 'P19', 'নন্দিনী প্রকাশনী', 'মোহাম্মদপুর, ঢাকা, বাংলাদেশ', 'www.nandiniaprokashoni.com', '2024-11-24 18:00:00', '2024-11-24 18:00:00', 1),
(20, 'P20', 'সময় প্রকাশন', 'সিদ্ধিরগঞ্জ, নারায়ণগঞ্জ, বাংলাদেশ', 'www.somoypub.com', '2024-11-24 18:00:00', '2024-11-24 18:00:00', 1),
(21, NULL, 'প্রকাশনা সংস্থা ১', 'ঢাকা, বাংলাদেশ', 'http://publisher1.com', '2024-11-24 18:00:00', '2024-11-24 18:00:00', 1),
(22, NULL, 'প্রকাশনা সংস্থা ২', 'কক্সবাজার, বাংলাদেশ', 'http://publisher2.com', '2024-11-24 18:00:00', '2024-11-24 18:00:00', 1),
(23, NULL, 'প্রকাশনা সংস্থা ৩', 'চট্টগ্রাম, বাংলাদেশ', 'http://publisher3.com', '2024-11-24 18:00:00', '2024-11-24 18:00:00', 1),
(24, NULL, 'প্রকাশনা সংস্থা ৪', 'রাজশাহী, বাংলাদেশ', 'http://publisher4.com', '2024-11-24 18:00:00', '2024-11-24 18:00:00', 1),
(25, NULL, 'প্রকাশনা সংস্থা ৫', 'বরিশাল, বাংলাদেশ', 'http://publisher5.com', '2024-11-24 18:00:00', '2024-11-24 18:00:00', 1);

-- --------------------------------------------------------

--
-- Table structure for table `purchases`
--

CREATE TABLE `purchases` (
  `id` int(10) UNSIGNED NOT NULL,
  `purchase_no` varchar(50) CHARACTER SET utf8 COLLATE utf8_general_ci NOT NULL,
  `supplier_id` int(10) UNSIGNED NOT NULL,
  `purchase_date` timestamp NOT NULL DEFAULT current_timestamp(),
  `sub_amount` decimal(12,2) NOT NULL,
  `discount_amount` decimal(12,2) DEFAULT 0.00,
  `tax_amount` decimal(12,2) DEFAULT 0.00,
  `shipping_fee` decimal(12,2) DEFAULT 0.00,
  `total_amount` decimal(12,2) GENERATED ALWAYS AS (`sub_amount` - `discount_amount` + `tax_amount` + `shipping_fee`) STORED,
  `paid_amount` decimal(12,2) DEFAULT NULL,
  `status` enum('Pending','Received','Partial','Cancelled','Returned') DEFAULT 'Pending',
  `created_by` int(11) DEFAULT NULL,
  `updated_by` int(11) DEFAULT NULL,
  `created_at` timestamp NULL DEFAULT NULL,
  `updated_at` timestamp NULL DEFAULT NULL
) ENGINE=InnoDB DEFAULT CHARSET=utf8 COLLATE=utf8_unicode_ci;

--
-- Dumping data for table `purchases`
--

INSERT INTO `purchases` (`id`, `purchase_no`, `supplier_id`, `purchase_date`, `sub_amount`, `discount_amount`, `tax_amount`, `shipping_fee`, `paid_amount`, `status`, `created_by`, `updated_by`, `created_at`, `updated_at`) VALUES
(2, 'PUR-070525195037989', 4, '2025-05-14 18:00:00', 22922.00, 0.00, 1146.10, 0.00, NULL, 'Pending', 1, NULL, '2025-05-07 13:50:37', '2025-05-07 13:50:37'),
(3, 'PUR-070525195228719', 4, '2025-05-14 18:00:00', 22922.00, 0.00, 1146.10, 0.00, NULL, 'Pending', 1, NULL, '2025-05-07 13:52:28', '2025-05-07 13:52:28'),
(5, 'PUR-070525195442564', 4, '2025-05-14 18:00:00', 22922.00, 0.00, 1146.10, 0.00, NULL, 'Pending', 1, NULL, '2025-05-07 13:54:42', '2025-05-07 13:54:42'),
(6, 'PUR-070525195701127', 4, '2025-05-14 18:00:00', 22922.00, 0.00, 1146.10, 0.00, NULL, 'Pending', 1, NULL, '2025-05-07 13:57:01', '2025-05-07 13:57:01'),
(7, 'PUR-070525200452174', 3, '2025-05-08 18:00:00', 45044.00, 0.00, 2252.20, 0.00, NULL, 'Pending', 1, NULL, '2025-05-07 14:04:52', '2025-05-07 14:04:52'),
(8, 'PUR-070525200612558', 3, '2025-05-08 18:00:00', 45044.00, 0.00, 2252.20, 0.00, NULL, 'Pending', 1, NULL, '2025-05-07 14:06:12', '2025-05-07 14:06:12'),
(9, 'PUR-070525200634907', 3, '2025-05-14 18:00:00', 400.00, 0.00, 20.00, 0.00, NULL, 'Pending', 1, NULL, '2025-05-07 14:06:34', '2025-05-07 14:06:34'),
(10, 'PUR-070525200753463', 2, '2025-05-16 18:00:00', 22922.00, 0.00, 1146.10, 0.00, NULL, 'Pending', 1, NULL, '2025-05-07 14:07:53', '2025-05-07 14:07:53');

-- --------------------------------------------------------

--
-- Table structure for table `purchase_details`
--

CREATE TABLE `purchase_details` (
  `id` int(10) UNSIGNED NOT NULL,
  `purchase_id` int(10) UNSIGNED NOT NULL,
  `product_id` int(10) UNSIGNED NOT NULL,
  `variant_id` int(10) DEFAULT NULL,
  `quantity` int(10) NOT NULL,
  `price` decimal(12,2) NOT NULL,
  `total_price` decimal(12,2) GENERATED ALWAYS AS (`quantity` * `price`) STORED,
  `created_by` int(11) DEFAULT NULL,
  `updated_by` int(11) DEFAULT NULL,
  `created_at` timestamp NULL DEFAULT NULL,
  `updated_at` timestamp NULL DEFAULT NULL
) ENGINE=InnoDB DEFAULT CHARSET=utf8 COLLATE=utf8_unicode_ci;

--
-- Dumping data for table `purchase_details`
--

INSERT INTO `purchase_details` (`id`, `purchase_id`, `product_id`, `variant_id`, `quantity`, `price`, `created_by`, `updated_by`, `created_at`, `updated_at`) VALUES
(1, 2, 1, NULL, 1, 22222.00, 1, NULL, '2025-05-07 13:50:37', '2025-05-07 13:50:37'),
(2, 2, 2, NULL, 1, 300.00, 1, NULL, '2025-05-07 13:50:37', '2025-05-07 13:50:37'),
(3, 2, 3, NULL, 1, 400.00, 1, NULL, '2025-05-07 13:50:37', '2025-05-07 13:50:37'),
(4, 3, 1, NULL, 1, 22222.00, 1, NULL, '2025-05-07 13:52:28', '2025-05-07 13:52:28'),
(5, 3, 2, NULL, 1, 300.00, 1, NULL, '2025-05-07 13:52:28', '2025-05-07 13:52:28'),
(6, 3, 3, NULL, 1, 400.00, 1, NULL, '2025-05-07 13:52:28', '2025-05-07 13:52:28'),
(7, 5, 1, NULL, 1, 22222.00, 1, NULL, '2025-05-07 13:54:42', '2025-05-07 13:54:42'),
(8, 5, 2, NULL, 1, 300.00, 1, NULL, '2025-05-07 13:54:42', '2025-05-07 13:54:42'),
(9, 5, 3, NULL, 1, 400.00, 1, NULL, '2025-05-07 13:54:42', '2025-05-07 13:54:42'),
(10, 6, 1, NULL, 1, 22222.00, 1, NULL, '2025-05-07 13:57:01', '2025-05-07 13:57:01'),
(11, 6, 2, NULL, 1, 300.00, 1, NULL, '2025-05-07 13:57:01', '2025-05-07 13:57:01'),
(12, 6, 3, NULL, 1, 400.00, 1, NULL, '2025-05-07 13:57:01', '2025-05-07 13:57:01'),
(13, 7, 1, NULL, 2, 22222.00, 1, NULL, '2025-05-07 14:04:52', '2025-05-07 14:04:52'),
(14, 7, 2, NULL, 2, 300.00, 1, NULL, '2025-05-07 14:04:52', '2025-05-07 14:04:52'),
(15, 8, 1, NULL, 2, 22222.00, 1, NULL, '2025-05-07 14:06:12', '2025-05-07 14:06:12'),
(16, 8, 2, NULL, 2, 300.00, 1, NULL, '2025-05-07 14:06:12', '2025-05-07 14:06:12'),
(17, 9, 3, NULL, 1, 400.00, 1, NULL, '2025-05-07 14:06:34', '2025-05-07 14:06:34'),
(18, 10, 1, NULL, 1, 22222.00, 1, NULL, '2025-05-07 14:07:53', '2025-05-07 14:07:53'),
(19, 10, 3, NULL, 1, 400.00, 1, NULL, '2025-05-07 14:07:53', '2025-05-07 14:07:53'),
(20, 10, 2, NULL, 1, 300.00, 1, NULL, '2025-05-07 14:07:53', '2025-05-07 14:07:53');

-- --------------------------------------------------------

--
-- Table structure for table `sale_chds`
--

CREATE TABLE `sale_chds` (
  `id` int(11) UNSIGNED NOT NULL,
  `sale_mst_id` int(11) UNSIGNED NOT NULL,
  `product_v_id` int(11) UNSIGNED NOT NULL,
  `price` decimal(10,2) NOT NULL,
  `quantity` int(11) NOT NULL,
  `total_price` decimal(10,2) GENERATED ALWAYS AS (`price` * `quantity`) STORED,
  `sale_date` date NOT NULL,
  `status` tinyint(4) NOT NULL DEFAULT 1,
  `created_by` int(11) DEFAULT NULL,
  `updated_by` int(11) DEFAULT NULL,
  `created_at` timestamp NOT NULL DEFAULT current_timestamp(),
  `updated_at` timestamp NULL DEFAULT NULL
) ENGINE=InnoDB DEFAULT CHARSET=utf8 COLLATE=utf8_unicode_ci;

-- --------------------------------------------------------

--
-- Table structure for table `sale_msts`
--

CREATE TABLE `sale_msts` (
  `id` int(11) UNSIGNED NOT NULL,
  `sale_uid` varchar(100) NOT NULL,
  `customer_id` int(11) UNSIGNED NOT NULL,
  `sale_date` date NOT NULL,
  `sub_total` decimal(10,2) NOT NULL,
  `discount_type` int(1) DEFAULT NULL COMMENT '1 is percentage 2 is amount',
  `discount_amt` decimal(10,2) DEFAULT NULL,
  `VAT_type` int(1) DEFAULT NULL COMMENT '1 is percentage 2 is amount',
  `VAT_amt` decimal(10,2) DEFAULT NULL,
  `grand_total` decimal(10,2) NOT NULL,
  `paid_amt` decimal(10,2) DEFAULT NULL,
  `change_amt` decimal(10,2) DEFAULT NULL,
  `due_amt` decimal(10,2) DEFAULT NULL,
  `store_id` int(11) DEFAULT NULL,
  `status` enum('ordered','invoiced','received','refunded','canceled') DEFAULT 'ordered',
  `canceled_remarks` longtext DEFAULT NULL,
  `canceled_at` date DEFAULT NULL,
  `canceled_by` int(11) DEFAULT NULL,
  `created_by` int(11) DEFAULT NULL,
  `updated_by` int(11) DEFAULT NULL,
  `created_at` timestamp NOT NULL DEFAULT current_timestamp(),
  `updated_at` timestamp NULL DEFAULT NULL
) ENGINE=InnoDB DEFAULT CHARSET=utf8 COLLATE=utf8_unicode_ci;

-- --------------------------------------------------------

--
-- Table structure for table `sa_email_setup`
--

CREATE TABLE `sa_email_setup` (
  `id` bigint(20) UNSIGNED NOT NULL,
  `cc` varchar(1024) DEFAULT NULL,
  `bcc` varchar(1024) DEFAULT NULL,
  `created_at` timestamp NULL DEFAULT current_timestamp(),
  `updated_at` timestamp NULL DEFAULT current_timestamp() ON UPDATE current_timestamp()
) ENGINE=InnoDB DEFAULT CHARSET=utf8mb4 COLLATE=utf8mb4_general_ci;

--
-- Dumping data for table `sa_email_setup`
--

INSERT INTO `sa_email_setup` (`id`, `cc`, `bcc`, `created_at`, `updated_at`) VALUES
(1, 'dummy1@example.com,dummy2@example.com,dummy3@example.com,dummy8@example.com,dummy7@example.com,dummy9@example.com', 'dummy4@example.com,dummy5@example.com,dummy6@example.com', '2024-08-22 09:34:06', '2024-09-10 00:49:46');

-- --------------------------------------------------------

--
-- Table structure for table `sa_organizations`
--

CREATE TABLE `sa_organizations` (
  `id` bigint(20) UNSIGNED NOT NULL,
  `org_name` varchar(100) NOT NULL,
  `parent_id` int(11) DEFAULT NULL,
  `org_type_id` int(8) DEFAULT NULL,
  `slogan` varchar(200) DEFAULT NULL,
  `abbr` varchar(8) DEFAULT NULL,
  `dscp` text DEFAULT NULL,
  `estb_dt` date DEFAULT NULL,
  `addr1` varchar(160) DEFAULT NULL,
  `addr2` varchar(160) DEFAULT NULL,
  `zip_code` varchar(8) DEFAULT NULL,
  `tel` varchar(80) DEFAULT NULL,
  `phone` varchar(80) DEFAULT NULL,
  `fax` varchar(80) DEFAULT NULL,
  `email` varchar(40) DEFAULT NULL,
  `website` varchar(40) DEFAULT NULL,
  `logo` varchar(100) DEFAULT NULL,
  `created_at` timestamp NULL DEFAULT NULL,
  `updated_at` timestamp NULL DEFAULT NULL,
  `user_type` int(1) DEFAULT NULL,
  `active_status` tinyint(1) DEFAULT 1
) ENGINE=InnoDB DEFAULT CHARSET=utf8 COLLATE=utf8_general_ci COMMENT='DGDP organizational basic information';

--
-- Dumping data for table `sa_organizations`
--

INSERT INTO `sa_organizations` (`id`, `org_name`, `parent_id`, `org_type_id`, `slogan`, `abbr`, `dscp`, `estb_dt`, `addr1`, `addr2`, `zip_code`, `tel`, `phone`, `fax`, `email`, `website`, `logo`, `created_at`, `updated_at`, `user_type`, `active_status`) VALUES
(1, 'Mariyam Paper Ltd', 0, 0, 'Navy', 'Navy', '', '1995-02-01', 'Road: 5, House:16, Sector:10, Dhaka.', '', '', '', '', '', '', '', NULL, '2016-01-26 23:31:44', NULL, 1, 1),
(2, 'Coast Gard', 1, 213, '', '', '', NULL, '', '', '206', '', '', '', '', '', NULL, '2016-01-26 23:45:38', NULL, 1, 1),
(8, 'FIS', 1, 213, '', '', '', NULL, 'dhaka', 'dhaka', '', '', '', '', '', '', NULL, '2016-01-27 05:36:55', NULL, 1, 1),
(9, 'ISO', 1, 213, '', '', '', NULL, '', '', '', '', '', '', '', '', NULL, '2016-04-11 10:59:32', NULL, 1, 1);

-- --------------------------------------------------------

--
-- Table structure for table `sessions`
--

CREATE TABLE `sessions` (
  `id` varchar(255) NOT NULL,
  `user_id` bigint(20) UNSIGNED DEFAULT NULL,
  `ip_address` varchar(45) DEFAULT NULL,
  `user_agent` text DEFAULT NULL,
  `payload` longtext NOT NULL,
  `last_activity` int(11) NOT NULL
) ENGINE=InnoDB DEFAULT CHARSET=utf8mb4 COLLATE=utf8mb4_unicode_ci;

--
-- Dumping data for table `sessions`
--

INSERT INTO `sessions` (`id`, `user_id`, `ip_address`, `user_agent`, `payload`, `last_activity`) VALUES
('wwzkBWncwJh0Fbe1RIN8Lxez7EJBBf6p6Fnd9jfW', 1, '127.0.0.1', 'Mozilla/5.0 (Windows NT 10.0; Win64; x64) AppleWebKit/537.36 (KHTML, like Gecko) Chrome/136.0.0.0 Safari/537.36', 'YTo1OntzOjY6Il90b2tlbiI7czo0MDoieERwTFB4eHpLQjByVlJFWFdKY25NNkZvVDhLblozeGxrSzVSMEU2ViI7czozOiJ1cmwiO2E6MDp7fXM6OToiX3ByZXZpb3VzIjthOjE6e3M6MzoidXJsIjtzOjM3OiJodHRwOi8vMTI3LjAuMC4xOjgwMDAvcHVyY2hhc2UvY3JlYXRlIjt9czo2OiJfZmxhc2giO2E6Mjp7czozOiJvbGQiO2E6MDp7fXM6MzoibmV3IjthOjA6e319czo1MDoibG9naW5fd2ViXzU5YmEzNmFkZGMyYjJmOTQwMTU4MGYwMTRjN2Y1OGVhNGUzMDk4OWQiO2k6MTt9', 1746648565),
('YeMHKV099Pc8rYiODVbyAEhBP10FSLSwi28UChoj', 1, '127.0.0.1', 'Mozilla/5.0 (Windows NT 10.0; Win64; x64) AppleWebKit/537.36 (KHTML, like Gecko) Chrome/136.0.0.0 Safari/537.36', 'YTo1OntzOjY6Il90b2tlbiI7czo0MDoiV015ejFmeWNtUEVreVZjSVBvWVJMSW5KNGV4T0FFYjdEOHZya2p2eiI7czozOiJ1cmwiO2E6MDp7fXM6OToiX3ByZXZpb3VzIjthOjE6e3M6MzoidXJsIjtzOjcwOiJodHRwOi8vMTI3LjAuMC4xOjgwMDAvLndlbGwta25vd24vYXBwc3BlY2lmaWMvY29tLmNocm9tZS5kZXZ0b29scy5qc29uIjt9czo2OiJfZmxhc2giO2E6Mjp7czozOiJvbGQiO2E6MDp7fXM6MzoibmV3IjthOjA6e319czo1MDoibG9naW5fd2ViXzU5YmEzNmFkZGMyYjJmOTQwMTU4MGYwMTRjN2Y1OGVhNGUzMDk4OWQiO2k6MTt9', 1746631438);

-- --------------------------------------------------------

--
-- Table structure for table `specifications`
--

CREATE TABLE `specifications` (
  `id` int(10) UNSIGNED NOT NULL,
  `name` varchar(100) NOT NULL,
  `created_at` timestamp NOT NULL DEFAULT current_timestamp(),
  `status` tinyint(1) DEFAULT 1,
  `updated_at` timestamp NOT NULL DEFAULT current_timestamp() ON UPDATE current_timestamp()
) ENGINE=InnoDB DEFAULT CHARSET=utf8mb4 COLLATE=utf8mb4_unicode_ci;

--
-- Dumping data for table `specifications`
--

INSERT INTO `specifications` (`id`, `name`, `created_at`, `status`, `updated_at`) VALUES
(1, 'RAM', '2025-03-11 15:42:42', 1, '2025-03-15 16:36:48'),
(2, 'Battery', '2025-03-11 15:42:42', 1, '2025-03-15 16:36:48'),
(3, 'Processor', '2025-03-11 16:21:30', 1, '2025-03-15 16:36:48'),
(4, 'ROM', '2025-03-01 16:21:30', 1, '2025-03-15 16:36:48'),
(5, 'Storage', '2025-03-11 16:21:30', 1, '2025-03-15 16:36:48'),
(6, 'Graphics Card', '2025-03-11 16:21:30', 1, '2025-03-15 16:36:48'),
(7, 'Screen Size', '2025-03-11 16:21:30', 1, '2025-03-15 16:36:48'),
(8, 'Resolution', '2025-03-11 16:21:30', 1, '2025-03-15 16:36:48'),
(9, 'Refresh Rate', '2025-03-11 16:21:30', 1, '2025-03-15 16:36:48'),
(10, 'Battery Capacity', '2025-03-11 16:21:30', 1, '2025-03-15 16:36:48'),
(11, 'Charging Speed', '2025-03-11 16:21:30', 1, '2025-03-15 16:36:48'),
(12, 'Weight', '2025-03-11 16:21:30', 1, '2025-03-15 16:36:48'),
(13, 'Operating System', '2025-03-11 16:21:30', 1, '2025-03-15 16:36:48'),
(14, 'Build Material', '2025-03-11 16:21:30', 1, '2025-03-15 16:36:48'),
(15, 'Color Options', '2025-03-11 16:21:30', 1, '2025-03-15 16:36:48'),
(16, 'Camera Resolution', '2025-03-11 16:21:30', 1, '2025-03-15 16:36:48'),
(17, 'Front Camera', '2025-03-11 16:21:30', 1, '2025-03-15 16:36:48'),
(18, 'Rear Camera Setup', '2025-03-11 16:21:30', 1, '2025-03-15 16:36:48'),
(19, 'Fingerprint Sensor', '2025-03-11 16:21:30', 1, '2025-03-15 16:36:48'),
(20, 'Face Unlock', '2025-03-11 16:21:30', 1, '2025-03-15 16:36:48'),
(21, 'Bluetooth Version', '2025-03-11 16:21:30', 1, '2025-03-15 16:36:48'),
(22, 'Wi-Fi Standard', '2025-03-11 16:21:30', 1, '2025-03-15 16:36:48'),
(23, '5G Support', '2025-03-11 16:21:30', 1, '2025-03-15 16:36:48'),
(24, '4G LTE Support', '2025-03-11 16:21:30', 1, '2025-03-15 16:36:48'),
(25, 'SIM Card Type', '2025-03-11 16:21:30', 1, '2025-03-15 16:36:48'),
(26, 'Dual SIM', '2025-03-11 16:21:30', 1, '2025-03-15 16:36:48'),
(27, 'Expandable Storage', '2025-03-11 16:21:30', 1, '2025-03-15 16:36:48'),
(28, 'USB Type', '2025-03-11 16:21:30', 1, '2025-03-15 16:36:48'),
(29, 'Headphone Jack', '2025-03-11 16:21:30', 1, '2025-03-15 16:36:48'),
(30, 'Speakers', '2025-03-11 16:21:30', 1, '2025-03-15 16:36:48'),
(31, 'Microphone', '2025-03-11 16:21:30', 1, '2025-03-15 16:36:48'),
(32, 'Water Resistance', '2025-03-11 16:21:30', 1, '2025-03-15 16:36:48'),
(33, 'Dust Resistance', '2025-03-11 16:21:30', 1, '2025-03-15 16:36:48'),
(34, 'Wireless Charging', '2025-03-11 16:21:30', 1, '2025-03-15 16:36:48'),
(35, 'Fast Charging', '2025-03-11 16:21:30', 1, '2025-03-15 16:36:48'),
(36, 'AI Features', '2025-03-11 16:21:30', 1, '2025-03-15 16:36:48'),
(37, 'GPS Support', '2025-03-11 16:21:30', 1, '2025-03-15 16:36:48'),
(38, 'NFC Support', '2025-03-11 16:21:30', 1, '2025-03-15 16:36:48'),
(39, 'Infrared Sensor', '2025-03-11 16:21:30', 1, '2025-03-15 16:36:48'),
(40, 'Accelerometer', '2025-03-11 16:21:30', 1, '2025-03-15 16:36:48'),
(41, 'Gyroscope', '2025-03-11 16:21:30', 1, '2025-03-15 16:36:48'),
(42, 'Proximity Sensor', '2025-03-11 16:21:30', 1, '2025-03-15 16:36:48'),
(43, 'Ambient Light Sensor', '2025-03-11 16:21:30', 1, '2025-03-15 16:36:48'),
(44, 'Barometer', '2025-03-11 16:21:30', 1, '2025-03-15 16:36:48'),
(45, 'Compass', '2025-03-11 16:21:30', 1, '2025-03-15 16:36:48'),
(46, 'Heart Rate Sensor', '2025-03-11 16:21:30', 1, '2025-03-15 16:36:48'),
(47, 'SpO2 Sensor', '2025-03-11 16:21:30', 1, '2025-03-15 16:36:48'),
(48, 'Step Counter', '2025-03-11 16:21:30', 1, '2025-03-15 16:36:48'),
(49, 'Voice Assistant', '2025-03-11 16:21:30', 1, '2025-03-15 16:36:48'),
(50, 'Stylus Support', '2025-03-11 16:21:30', 1, '2025-03-15 16:36:48'),
(51, 'Screen Protection', '2025-03-11 16:21:30', 1, '2025-03-15 16:36:48'),
(52, 'Keyboard Backlight', '2025-03-11 16:21:30', 1, '2025-03-15 16:36:48'),
(53, 'Touchscreen Support', '2025-03-11 16:21:30', 1, '2025-03-15 16:36:48'),
(54, 'Haptic Feedback', '2025-03-11 16:21:30', 1, '2025-03-15 16:36:48'),
(55, 'Color Accuracy', '2025-03-11 16:21:30', 1, '2025-03-15 16:36:48'),
(56, 'Contrast Ratio', '2025-03-11 16:21:30', 1, '2025-03-15 16:36:48'),
(57, 'Brightness', '2025-03-11 16:21:30', 1, '2025-03-15 16:36:48'),
(58, 'HDR Support', '2025-03-11 16:21:30', 1, '2025-03-15 16:36:48'),
(59, 'Dolby Vision', '2025-03-11 16:21:30', 1, '2025-03-15 16:36:48'),
(60, 'Dolby Atmos', '2025-03-11 16:21:30', 1, '2025-03-15 16:36:48'),
(61, 'Speaker Placement', '2025-03-11 16:21:30', 1, '2025-03-15 16:36:48'),
(62, 'Cooling System', '2025-03-11 16:21:30', 1, '2025-03-15 16:36:48'),
(63, 'Heat Dissipation', '2025-03-11 16:21:30', 1, '2025-03-15 16:36:48'),
(64, 'VR Support', '2025-03-11 16:21:30', 1, '2025-03-15 16:36:48'),
(65, 'AR Support', '2025-03-11 16:21:30', 1, '2025-03-15 16:36:48'),
(66, 'AI Processing Unit', '2025-03-11 16:21:30', 1, '2025-03-15 16:36:48'),
(67, 'Dedicated Graphics Memory', '2025-03-11 16:21:30', 1, '2025-03-15 16:36:48'),
(68, 'Integrated Graphics', '2025-03-11 16:21:30', 1, '2025-03-15 16:36:48'),
(69, 'Memory Bus Speed', '2025-03-11 16:21:30', 1, '2025-03-15 16:36:48'),
(70, 'SSD Type', '2025-03-11 16:21:30', 1, '2025-03-15 16:36:48'),
(71, 'HDD RPM', '2025-03-11 16:21:30', 1, '2025-03-15 16:36:48'),
(72, 'PCIe Slots', '2025-03-11 16:21:30', 1, '2025-03-15 16:36:48'),
(73, 'Thunderbolt Support', '2025-03-11 16:21:30', 1, '2025-03-15 16:36:48'),
(74, 'USB Ports', '2025-03-11 16:21:30', 1, '2025-03-15 16:36:48'),
(75, 'Ethernet Port', '2025-03-11 16:21:30', 1, '2025-03-15 16:36:48'),
(76, 'HDMI Version', '2025-03-11 16:21:30', 1, '2025-03-15 16:36:48'),
(77, 'DisplayPort Version', '2025-03-11 16:21:30', 1, '2025-03-15 16:36:48'),
(78, 'VGA Port', '2025-03-11 16:21:30', 1, '2025-03-15 16:36:48'),
(79, 'Keyboard Type', '2025-03-11 16:21:30', 1, '2025-03-15 16:36:48'),
(80, 'Trackpad Type', '2025-03-11 16:21:30', 1, '2025-03-15 16:36:48'),
(81, 'Battery Life', '2025-03-11 16:21:30', 1, '2025-03-15 16:36:48'),
(82, 'Power Adapter Wattage', '2025-03-11 16:21:30', 1, '2025-03-15 16:36:48'),
(83, 'Removable Battery', '2025-03-11 16:21:30', 1, '2025-03-15 16:36:48'),
(84, 'Charging Port Type', '2025-03-11 16:21:30', 1, '2025-03-15 16:36:48'),
(85, 'Charger Output Power', '2025-03-11 16:21:30', 1, '2025-03-15 16:36:48'),
(86, 'Reverse Charging', '2025-03-11 16:21:30', 1, '2025-03-15 16:36:48'),
(87, 'Fast Boot Time', '2025-03-11 16:21:30', 1, '2025-03-15 16:36:48'),
(88, 'BIOS Type', '2025-03-11 16:21:30', 1, '2025-03-15 16:36:48'),
(89, 'Security Chip', '2025-03-11 16:21:30', 1, '2025-03-15 16:36:48'),
(90, 'Cloud Storage Integration', '2025-03-11 16:21:30', 1, '2025-03-15 16:36:48'),
(91, 'Device Encryption', '2025-03-11 16:21:30', 1, '2025-03-15 16:36:48'),
(92, 'Privacy Mode', '2025-03-11 16:21:30', 1, '2025-03-15 16:36:48'),
(93, 'Power Saving Mode', '2025-03-11 16:21:30', 1, '2025-03-15 16:36:48'),
(94, 'Eco Mode', '2025-03-11 16:21:30', 1, '2025-03-15 16:36:48'),
(95, 'Fan Noise Level', '2025-03-11 16:21:30', 1, '2025-03-15 16:36:48'),
(96, 'VRAM Size', '2025-03-11 16:21:30', 1, '2025-03-15 16:36:48'),
(97, 'Overclocking Support', '2025-03-11 16:21:30', 1, '2025-03-15 16:36:48'),
(98, 'AI Noise Cancellation', '2025-03-11 16:21:30', 1, '2025-03-15 16:36:48'),
(99, 'AI Image Processing', '2025-03-11 16:21:30', 1, '2025-03-15 16:36:48'),
(100, 'AI Voice Recognition', '2025-03-11 16:21:30', 1, '2025-03-15 16:36:48'),
(101, 'E-Ink Mode', '2025-03-11 16:21:30', 1, '2025-03-15 16:36:48'),
(102, 'Gaming Mode', '2025-03-11 16:21:30', 1, '2025-03-15 16:36:48'),
(103, 'Workstation Mode', '2025-03-11 16:21:30', 1, '2025-03-15 16:36:48'),
(104, 'Multi-Touch Support', '2025-03-11 16:21:30', 1, '2025-03-15 16:36:48'),
(105, 'Split Screen Support', '2025-03-11 16:21:30', 1, '2025-03-15 16:36:48'),
(106, 'Software Updates', '2025-03-11 16:21:30', 1, '2025-03-15 16:36:48'),
(107, 'Warranty Period', '2025-03-11 16:21:30', 1, '2025-03-15 16:36:48');

-- --------------------------------------------------------

--
-- Table structure for table `stocks`
--

CREATE TABLE `stocks` (
  `id` int(11) NOT NULL,
  `product_id` int(10) UNSIGNED DEFAULT NULL,
  `quantity` int(11) NOT NULL,
  `last_updated` timestamp NOT NULL DEFAULT current_timestamp() ON UPDATE current_timestamp(),
  `created_by` int(11) DEFAULT NULL,
  `updated_by` int(11) DEFAULT NULL,
  `created_at` timestamp NOT NULL DEFAULT current_timestamp(),
  `updated_at` timestamp NULL DEFAULT NULL
) ENGINE=InnoDB DEFAULT CHARSET=utf8 COLLATE=utf8_unicode_ci;

--
-- Dumping data for table `stocks`
--

INSERT INTO `stocks` (`id`, `product_id`, `quantity`, `last_updated`, `created_by`, `updated_by`, `created_at`, `updated_at`) VALUES
(1, 1, 43, '2025-03-01 17:07:20', 1, 1, '2024-12-13 15:33:22', '2025-03-01 11:07:20'),
(2, 2, 135, '2025-03-01 17:07:20', 1, 1, '2024-12-13 15:33:22', '2025-03-01 11:07:20'),
(3, 3, 71, '2025-04-27 15:34:54', 1, 1, '2024-12-13 15:33:22', '2025-04-27 09:34:54'),
(4, 4, 35, '2025-03-01 06:54:24', 1, 1, '2024-12-13 15:33:22', '2025-03-01 00:54:24'),
(5, 5, 207, '2025-03-01 06:38:41', 1, 1, '2024-12-13 15:33:22', '2025-03-01 00:38:41'),
(6, 6, 33, '2025-03-01 17:07:20', 1, 1, '2024-12-13 15:33:22', '2025-03-01 11:07:20'),
(7, 7, 61, '2025-03-01 17:07:20', 1, 1, '2024-12-13 15:33:22', '2025-03-01 11:07:20'),
(8, 8, 41, '2025-03-01 06:24:03', 1, 1, '2024-12-13 15:33:22', '2025-03-01 00:24:03'),
(9, 9, 71, '2025-03-01 06:56:14', 1, 1, '2024-12-13 15:33:22', '2025-03-01 00:56:14'),
(10, 10, 192, '2025-02-28 06:01:39', 1, 1, '2024-12-13 15:33:22', '2025-02-28 00:01:39'),
(11, 11, 57, '2025-03-01 05:56:46', 1, 1, '2024-12-13 15:33:22', '2025-02-28 23:56:46'),
(12, 12, 103, '2025-02-28 05:59:07', 1, 1, '2024-12-13 15:33:22', '2025-02-27 23:59:07'),
(13, 13, 83, '2025-03-01 06:36:55', 1, 1, '2024-12-13 15:33:22', '2025-03-01 00:36:55'),
(14, 14, 116, '2025-03-01 06:11:46', 1, 1, '2024-12-13 15:33:22', '2025-03-01 00:11:46'),
(15, 15, 76, '2025-03-01 06:54:24', 1, 1, '2024-12-13 15:33:22', '2025-03-01 00:54:24'),
(16, 16, 16, '2025-03-01 06:56:14', 1, 1, '2024-12-13 15:33:22', '2025-03-01 00:56:14'),
(17, 17, 290, '2025-03-01 06:25:21', 1, 1, '2024-12-13 15:33:22', '2025-03-01 00:25:21'),
(18, 18, 239, '2025-02-28 17:30:43', 1, 1, '2024-12-13 15:33:22', '2025-02-28 11:30:43'),
(19, 19, 394, '2025-02-28 05:59:07', 1, 1, '2024-12-13 15:33:22', '2025-02-27 23:59:07'),
(20, 20, 96, '2025-02-26 18:33:23', 1, 1, '2024-12-13 15:33:22', '2025-02-26 12:33:23'),
(21, 21, 139, '2025-01-25 19:03:34', 1, 1, '2024-12-13 15:33:22', '2025-01-25 13:03:34'),
(22, 22, 190, '2024-12-13 15:33:22', 1, 1, '2024-12-13 15:33:22', NULL),
(23, 23, 258, '2025-02-28 05:59:07', 1, 1, '2024-12-13 15:33:22', '2025-02-27 23:59:07'),
(24, 24, 307, '2025-02-28 17:30:43', 1, 1, '2024-12-13 15:33:22', '2025-02-28 11:30:43'),
(25, 25, 116, '2025-02-28 05:59:07', 1, 1, '2024-12-13 15:33:22', '2025-02-27 23:59:07'),
(26, 26, 177, '2025-02-28 17:30:43', 1, 1, '2024-12-13 15:33:22', '2025-02-28 11:30:43'),
(27, 27, 218, '2025-03-01 06:56:14', 1, 1, '2024-12-13 15:33:22', '2025-03-01 00:56:14'),
(28, 28, 71, '2025-02-28 05:59:07', 1, 1, '2024-12-13 15:33:22', '2025-02-27 23:59:07'),
(29, 29, 151, '2025-02-28 17:30:43', 1, 1, '2024-12-13 15:33:22', '2025-02-28 11:30:43'),
(30, 30, 316, '2025-02-28 05:59:07', 1, 1, '2024-12-13 15:33:22', '2025-02-27 23:59:07');

-- --------------------------------------------------------

--
-- Table structure for table `stock_chds`
--

CREATE TABLE `stock_chds` (
  `id` int(11) NOT NULL,
  `product_v_id` int(11) UNSIGNED DEFAULT NULL,
  `quantity` int(11) NOT NULL,
  `movement_type` enum('In','Out','Sales Return','Purchases Return') NOT NULL,
  `movement_add_id` int(11) DEFAULT NULL COMMENT 'PURCHASES ID',
  `movement_out_id` int(11) DEFAULT NULL COMMENT 'SALES ID',
  `movement_date` timestamp NOT NULL DEFAULT current_timestamp(),
  `created_by` int(11) DEFAULT NULL,
  `updated_by` int(11) DEFAULT NULL,
  `created_at` timestamp NOT NULL DEFAULT current_timestamp(),
  `updated_at` timestamp NULL DEFAULT NULL
) ENGINE=InnoDB DEFAULT CHARSET=utf8 COLLATE=utf8_unicode_ci;

-- --------------------------------------------------------

--
-- Table structure for table `stock_movements`
--

CREATE TABLE `stock_movements` (
  `id` int(11) NOT NULL,
  `product_id` int(11) UNSIGNED DEFAULT NULL,
  `quantity` int(11) NOT NULL,
  `type` enum('In','Out','Sales Return','Purchases Return') NOT NULL,
  `add_id` int(11) DEFAULT NULL COMMENT 'PURCHASES ID',
  `out_id` int(11) DEFAULT NULL COMMENT 'SALES ID',
  `date` timestamp NOT NULL DEFAULT current_timestamp(),
  `created_by` int(11) DEFAULT NULL,
  `updated_by` int(11) DEFAULT NULL,
  `created_at` timestamp NOT NULL DEFAULT current_timestamp(),
  `updated_at` timestamp NULL DEFAULT NULL
) ENGINE=InnoDB DEFAULT CHARSET=utf8 COLLATE=utf8_unicode_ci;

--
-- Dumping data for table `stock_movements`
--

INSERT INTO `stock_movements` (`id`, `product_id`, `quantity`, `type`, `add_id`, `out_id`, `date`, `created_by`, `updated_by`, `created_at`, `updated_at`) VALUES
(164, 1, 1, 'In', 1, NULL, '2025-02-25 16:08:26', NULL, NULL, '2025-02-25 16:08:26', NULL),
(165, 2, 2, 'Out', 1, NULL, '2025-02-24 18:00:00', NULL, NULL, '2025-02-24 18:00:00', NULL),
(166, 3, 2, 'In', 1, NULL, '2025-02-24 18:00:00', NULL, NULL, '2025-02-24 18:00:00', NULL),
(167, 8, 8, 'In', 94, NULL, '2025-02-26 17:29:03', 1, 1, '2025-02-26 11:29:03', '2025-02-26 11:29:03'),
(168, 16, 9, 'In', 94, NULL, '2025-02-26 17:29:03', 1, 1, '2025-02-26 11:29:03', '2025-02-26 11:29:03'),
(169, 2, 2, 'In', 95, NULL, '2025-02-26 18:23:05', 4, NULL, '2025-02-26 12:23:05', '2025-02-26 12:23:05'),
(170, 3, 2, 'In', 95, NULL, '2025-02-26 18:23:05', 4, NULL, '2025-02-26 12:23:05', '2025-02-26 12:23:05'),
(171, 6, 1, 'In', 95, NULL, '2025-02-26 18:23:05', 4, NULL, '2025-02-26 12:23:05', '2025-02-26 12:23:05'),
(172, 8, 2, 'In', 95, NULL, '2025-02-26 18:23:05', 4, NULL, '2025-02-26 12:23:05', '2025-02-26 12:23:05'),
(173, 9, 2, 'In', 95, NULL, '2025-02-26 18:23:05', 4, NULL, '2025-02-26 12:23:05', '2025-02-26 12:23:05'),
(174, 7, 1, 'In', 95, NULL, '2025-02-26 18:23:05', 4, NULL, '2025-02-26 12:23:05', '2025-02-26 12:23:05'),
(175, 1, 3, 'In', 96, NULL, '2025-02-26 18:31:06', 4, NULL, '2025-02-26 12:31:06', '2025-02-26 12:31:06'),
(176, 2, 3, 'In', 96, NULL, '2025-02-26 18:31:06', 4, NULL, '2025-02-26 12:31:06', '2025-02-26 12:31:06'),
(177, 3, 2, 'In', 96, NULL, '2025-02-26 18:31:06', 4, NULL, '2025-02-26 12:31:06', '2025-02-26 12:31:06'),
(178, 2, 2, 'In', 97, NULL, '2025-02-26 18:33:23', 1, NULL, '2025-02-26 12:33:23', '2025-02-26 12:33:23'),
(179, 17, 1, 'In', 97, NULL, '2025-02-26 18:33:23', 1, NULL, '2025-02-26 12:33:23', '2025-02-26 12:33:23'),
(180, 14, 1, 'In', 97, NULL, '2025-02-26 18:33:23', 1, NULL, '2025-02-26 12:33:23', '2025-02-26 12:33:23'),
(181, 18, 3, 'In', 97, NULL, '2025-02-26 18:33:23', 1, NULL, '2025-02-26 12:33:23', '2025-02-26 12:33:23'),
(182, 25, 2, 'In', 97, NULL, '2025-02-26 18:33:23', 1, NULL, '2025-02-26 12:33:23', '2025-02-26 12:33:23'),
(183, 29, 2, 'In', 97, NULL, '2025-02-26 18:33:23', 1, NULL, '2025-02-26 12:33:23', '2025-02-26 12:33:23'),
(184, 30, 2, 'In', 97, NULL, '2025-02-26 18:33:23', 1, NULL, '2025-02-26 12:33:23', '2025-02-26 12:33:23'),
(185, 10, 1, 'In', 97, NULL, '2025-02-26 18:33:23', 1, NULL, '2025-02-26 12:33:23', '2025-02-26 12:33:23'),
(186, 16, 1, 'In', 97, NULL, '2025-02-26 18:33:23', 1, NULL, '2025-02-26 12:33:23', '2025-02-26 12:33:23'),
(187, 15, 1, 'In', 97, NULL, '2025-02-26 18:33:23', 1, NULL, '2025-02-26 12:33:23', '2025-02-26 12:33:23'),
(188, 4, 1, 'In', 97, NULL, '2025-02-26 18:33:23', 1, NULL, '2025-02-26 12:33:23', '2025-02-26 12:33:23'),
(189, 1, 1, 'In', 97, NULL, '2025-02-26 18:33:23', 1, NULL, '2025-02-26 12:33:23', '2025-02-26 12:33:23'),
(190, 26, 1, 'In', 97, NULL, '2025-02-26 18:33:23', 1, NULL, '2025-02-26 12:33:23', '2025-02-26 12:33:23'),
(191, 28, 1, 'In', 97, NULL, '2025-02-26 18:33:23', 1, NULL, '2025-02-26 12:33:23', '2025-02-26 12:33:23'),
(192, 20, 1, 'In', 97, NULL, '2025-02-26 18:33:23', 1, NULL, '2025-02-26 12:33:23', '2025-02-26 12:33:23'),
(193, 6, 1, 'In', 98, NULL, '2025-02-28 04:33:42', 1, NULL, '2025-02-27 22:33:42', '2025-02-27 22:33:42'),
(194, 13, 1, 'In', 98, NULL, '2025-02-28 04:33:42', 1, NULL, '2025-02-27 22:33:42', '2025-02-27 22:33:42'),
(195, 16, 1, 'In', 98, NULL, '2025-02-28 04:33:42', 1, NULL, '2025-02-27 22:33:42', '2025-02-27 22:33:42'),
(196, 28, 1, 'In', 98, NULL, '2025-02-28 04:33:42', 1, NULL, '2025-02-27 22:33:42', '2025-02-27 22:33:42'),
(197, 30, 1, 'In', 98, NULL, '2025-02-28 04:33:42', 1, NULL, '2025-02-27 22:33:42', '2025-02-27 22:33:42'),
(198, 7, 1, 'In', 99, NULL, '2025-02-28 04:37:56', 1, NULL, '2025-02-27 22:37:56', '2025-02-27 22:37:56'),
(199, 13, 1, 'In', 99, NULL, '2025-02-28 04:37:56', 1, NULL, '2025-02-27 22:37:56', '2025-02-27 22:37:56'),
(200, 26, 1, 'In', 99, NULL, '2025-02-28 04:37:56', 1, NULL, '2025-02-27 22:37:56', '2025-02-27 22:37:56'),
(201, 24, 1, 'In', 99, NULL, '2025-02-28 04:37:56', 1, NULL, '2025-02-27 22:37:56', '2025-02-27 22:37:56'),
(202, 12, 1, 'In', 100, NULL, '2025-02-28 04:38:23', 1, NULL, '2025-02-27 22:38:23', '2025-02-27 22:38:23'),
(203, 13, 1, 'In', 100, NULL, '2025-02-28 04:38:23', 1, NULL, '2025-02-27 22:38:23', '2025-02-27 22:38:23'),
(204, 17, 1, 'In', 100, NULL, '2025-02-28 04:38:23', 1, NULL, '2025-02-27 22:38:23', '2025-02-27 22:38:23'),
(205, 9, 1, 'In', 101, NULL, '2025-02-28 05:59:07', 1, NULL, '2025-02-27 23:59:07', '2025-02-27 23:59:07'),
(206, 18, 2, 'In', 101, NULL, '2025-02-28 05:59:07', 1, NULL, '2025-02-27 23:59:07', '2025-02-27 23:59:07'),
(207, 19, 3, 'In', 101, NULL, '2025-02-28 05:59:07', 1, NULL, '2025-02-27 23:59:07', '2025-02-27 23:59:07'),
(208, 4, 1, 'In', 101, NULL, '2025-02-28 05:59:07', 1, NULL, '2025-02-27 23:59:07', '2025-02-27 23:59:07'),
(209, 10, 2, 'In', 101, NULL, '2025-02-28 05:59:07', 1, NULL, '2025-02-27 23:59:07', '2025-02-27 23:59:07'),
(210, 16, 3, 'In', 101, NULL, '2025-02-28 05:59:07', 1, NULL, '2025-02-27 23:59:07', '2025-02-27 23:59:07'),
(211, 13, 1, 'In', 101, NULL, '2025-02-28 05:59:07', 1, NULL, '2025-02-27 23:59:07', '2025-02-27 23:59:07'),
(212, 3, 1, 'In', 101, NULL, '2025-02-28 05:59:07', 1, NULL, '2025-02-27 23:59:07', '2025-02-27 23:59:07'),
(213, 2, 1, 'In', 101, NULL, '2025-02-28 05:59:07', 1, NULL, '2025-02-27 23:59:07', '2025-02-27 23:59:07'),
(214, 12, 1, 'In', 101, NULL, '2025-02-28 05:59:07', 1, NULL, '2025-02-27 23:59:07', '2025-02-27 23:59:07'),
(215, 17, 2, 'In', 101, NULL, '2025-02-28 05:59:07', 1, NULL, '2025-02-27 23:59:07', '2025-02-27 23:59:07'),
(216, 1, 1, 'In', 101, NULL, '2025-02-28 05:59:07', 1, NULL, '2025-02-27 23:59:07', '2025-02-27 23:59:07'),
(217, 15, 1, 'In', 101, NULL, '2025-02-28 05:59:07', 1, NULL, '2025-02-27 23:59:07', '2025-02-27 23:59:07'),
(218, 25, 2, 'In', 101, NULL, '2025-02-28 05:59:07', 1, NULL, '2025-02-27 23:59:07', '2025-02-27 23:59:07'),
(219, 23, 2, 'In', 101, NULL, '2025-02-28 05:59:07', 1, NULL, '2025-02-27 23:59:07', '2025-02-27 23:59:07'),
(220, 27, 1, 'In', 101, NULL, '2025-02-28 05:59:07', 1, NULL, '2025-02-27 23:59:07', '2025-02-27 23:59:07'),
(221, 30, 1, 'In', 101, NULL, '2025-02-28 05:59:07', 1, NULL, '2025-02-27 23:59:07', '2025-02-27 23:59:07'),
(222, 28, 1, 'In', 101, NULL, '2025-02-28 05:59:07', 1, NULL, '2025-02-27 23:59:07', '2025-02-27 23:59:07'),
(223, 29, 1, 'In', 101, NULL, '2025-02-28 05:59:07', 1, NULL, '2025-02-27 23:59:07', '2025-02-27 23:59:07'),
(224, 24, 1, 'In', 101, NULL, '2025-02-28 05:59:07', 1, NULL, '2025-02-27 23:59:07', '2025-02-27 23:59:07'),
(225, 14, 1, 'In', 102, NULL, '2025-02-28 06:01:08', 1, NULL, '2025-02-28 00:01:08', '2025-02-28 00:01:08'),
(226, 8, 1, 'In', 102, NULL, '2025-02-28 06:01:08', 1, NULL, '2025-02-28 00:01:08', '2025-02-28 00:01:08'),
(227, 15, 1, 'In', 102, NULL, '2025-02-28 06:01:08', 1, NULL, '2025-02-28 00:01:08', '2025-02-28 00:01:08'),
(228, 10, 1, 'In', 103, NULL, '2025-02-28 06:01:39', 1, NULL, '2025-02-28 00:01:39', '2025-02-28 00:01:39'),
(229, 11, 1, 'In', 104, NULL, '2025-02-28 06:01:57', 1, NULL, '2025-02-28 00:01:57', '2025-02-28 00:01:57'),
(230, 16, 1, 'In', 104, NULL, '2025-02-28 06:01:57', 1, NULL, '2025-02-28 00:01:57', '2025-02-28 00:01:57'),
(231, 3, 1, 'In', 105, NULL, '2025-02-28 06:18:44', 1, NULL, '2025-02-28 00:18:44', '2025-02-28 00:18:44'),
(232, 6, 1, 'In', 105, NULL, '2025-02-28 06:18:44', 1, NULL, '2025-02-28 00:18:44', '2025-02-28 00:18:44'),
(233, 14, 1, 'In', 105, NULL, '2025-02-28 06:18:44', 1, NULL, '2025-02-28 00:18:44', '2025-02-28 00:18:44'),
(234, 5, 1, 'In', 106, NULL, '2025-02-28 10:24:29', 1, NULL, '2025-02-28 04:24:29', '2025-02-28 04:24:29'),
(235, 11, 1, 'In', 106, NULL, '2025-02-28 10:24:29', 1, NULL, '2025-02-28 04:24:29', '2025-02-28 04:24:29'),
(236, 5, 1, 'In', 107, NULL, '2025-02-28 10:29:15', 1, NULL, '2025-02-28 04:29:15', '2025-02-28 04:29:15'),
(237, 18, 1, 'In', 107, NULL, '2025-02-28 10:29:15', 1, NULL, '2025-02-28 04:29:15', '2025-02-28 04:29:15'),
(238, 11, 1, 'In', 107, NULL, '2025-02-28 10:29:15', 1, NULL, '2025-02-28 04:29:15', '2025-02-28 04:29:15'),
(239, 3, 1, 'In', 108, NULL, '2025-02-28 10:34:21', 1, NULL, '2025-02-28 04:34:21', '2025-02-28 04:34:21'),
(240, 9, 1, 'In', 108, NULL, '2025-02-28 10:34:21', 1, NULL, '2025-02-28 04:34:21', '2025-02-28 04:34:21'),
(241, 7, 2, 'In', 109, NULL, '2025-02-28 17:30:43', 1, NULL, '2025-02-28 11:30:43', '2025-02-28 11:30:43'),
(242, 11, 1, 'In', 109, NULL, '2025-02-28 17:30:43', 1, NULL, '2025-02-28 11:30:43', '2025-02-28 11:30:43'),
(243, 3, 1, 'In', 109, NULL, '2025-02-28 17:30:43', 1, NULL, '2025-02-28 11:30:43', '2025-02-28 11:30:43'),
(244, 2, 2, 'In', 109, NULL, '2025-02-28 17:30:43', 1, NULL, '2025-02-28 11:30:43', '2025-02-28 11:30:43'),
(245, 16, 1, 'In', 109, NULL, '2025-02-28 17:30:43', 1, NULL, '2025-02-28 11:30:43', '2025-02-28 11:30:43'),
(246, 18, 1, 'In', 109, NULL, '2025-02-28 17:30:43', 1, NULL, '2025-02-28 11:30:43', '2025-02-28 11:30:43'),
(247, 4, 1, 'In', 109, NULL, '2025-02-28 17:30:43', 1, NULL, '2025-02-28 11:30:43', '2025-02-28 11:30:43'),
(248, 24, 1, 'In', 109, NULL, '2025-02-28 17:30:43', 1, NULL, '2025-02-28 11:30:43', '2025-02-28 11:30:43'),
(249, 26, 1, 'In', 109, NULL, '2025-02-28 17:30:43', 1, NULL, '2025-02-28 11:30:43', '2025-02-28 11:30:43'),
(250, 29, 1, 'In', 109, NULL, '2025-02-28 17:30:43', 1, NULL, '2025-02-28 11:30:43', '2025-02-28 11:30:43'),
(251, 4, 1, 'In', 110, NULL, '2025-03-01 05:34:19', 1, NULL, '2025-02-28 23:34:19', '2025-02-28 23:34:19'),
(252, 9, 1, 'In', 110, NULL, '2025-03-01 05:34:19', 1, NULL, '2025-02-28 23:34:19', '2025-02-28 23:34:19'),
(253, 11, 1, 'In', 110, NULL, '2025-03-01 05:34:19', 1, NULL, '2025-02-28 23:34:19', '2025-02-28 23:34:19'),
(254, 4, 1, 'In', 111, NULL, '2025-03-01 05:34:41', 1, NULL, '2025-02-28 23:34:41', '2025-02-28 23:34:41'),
(255, 9, 1, 'In', 111, NULL, '2025-03-01 05:34:41', 1, NULL, '2025-02-28 23:34:41', '2025-02-28 23:34:41'),
(256, 11, 1, 'In', 111, NULL, '2025-03-01 05:34:41', 1, NULL, '2025-02-28 23:34:41', '2025-02-28 23:34:41'),
(257, 3, 1, 'In', 112, NULL, '2025-03-01 05:43:51', 1, NULL, '2025-02-28 23:43:51', '2025-02-28 23:43:51'),
(258, 6, 1, 'In', 112, NULL, '2025-03-01 05:43:51', 1, NULL, '2025-02-28 23:43:51', '2025-02-28 23:43:51'),
(259, 9, 1, 'In', 112, NULL, '2025-03-01 05:43:51', 1, NULL, '2025-02-28 23:43:51', '2025-02-28 23:43:51'),
(260, 3, 1, 'In', 113, NULL, '2025-03-01 05:51:19', 1, NULL, '2025-02-28 23:51:19', '2025-02-28 23:51:19'),
(261, 6, 1, 'In', 113, NULL, '2025-03-01 05:51:19', 1, NULL, '2025-02-28 23:51:19', '2025-02-28 23:51:19'),
(262, 9, 1, 'In', 113, NULL, '2025-03-01 05:51:19', 1, NULL, '2025-02-28 23:51:19', '2025-02-28 23:51:19'),
(263, 3, 1, 'In', 114, NULL, '2025-03-01 05:56:46', 1, NULL, '2025-02-28 23:56:46', '2025-02-28 23:56:46'),
(264, 11, 1, 'In', 114, NULL, '2025-03-01 05:56:46', 1, NULL, '2025-02-28 23:56:46', '2025-02-28 23:56:46'),
(265, 5, 1, 'In', 115, NULL, '2025-03-01 06:11:46', 1, NULL, '2025-03-01 00:11:46', '2025-03-01 00:11:46'),
(266, 9, 1, 'In', 115, NULL, '2025-03-01 06:11:46', 1, NULL, '2025-03-01 00:11:46', '2025-03-01 00:11:46'),
(267, 14, 1, 'In', 115, NULL, '2025-03-01 06:11:46', 1, NULL, '2025-03-01 00:11:46', '2025-03-01 00:11:46'),
(268, 8, 1, 'In', 116, NULL, '2025-03-01 06:24:03', 1, NULL, '2025-03-01 00:24:03', '2025-03-01 00:24:03'),
(269, 15, 1, 'In', 116, NULL, '2025-03-01 06:24:03', 1, NULL, '2025-03-01 00:24:03', '2025-03-01 00:24:03'),
(270, 7, 1, 'In', 117, NULL, '2025-03-01 06:25:21', 1, NULL, '2025-03-01 00:25:21', '2025-03-01 00:25:21'),
(271, 17, 1, 'In', 117, NULL, '2025-03-01 06:25:21', 1, NULL, '2025-03-01 00:25:21', '2025-03-01 00:25:21'),
(272, 5, 1, 'In', 118, NULL, '2025-03-01 06:36:55', 1, NULL, '2025-03-01 00:36:55', '2025-03-01 00:36:55'),
(273, 13, 1, 'In', 118, NULL, '2025-03-01 06:36:55', 1, NULL, '2025-03-01 00:36:55', '2025-03-01 00:36:55'),
(274, 5, 1, 'In', 120, NULL, '2025-03-01 06:38:41', 1, NULL, '2025-03-01 00:38:41', '2025-03-01 00:38:41'),
(275, 4, 1, 'In', 121, NULL, '2025-03-01 06:39:38', 1, NULL, '2025-03-01 00:39:38', '2025-03-01 00:39:38'),
(276, 16, 1, 'In', 122, NULL, '2025-03-01 06:39:43', 1, NULL, '2025-03-01 00:39:43', '2025-03-01 00:39:43'),
(277, 16, 1, 'In', 123, NULL, '2025-03-01 06:42:34', 1, NULL, '2025-03-01 00:42:34', '2025-03-01 00:42:34'),
(278, 7, 1, 'In', 124, NULL, '2025-03-01 06:43:09', 1, NULL, '2025-03-01 00:43:09', '2025-03-01 00:43:09'),
(279, 9, 1, 'In', 125, NULL, '2025-03-01 06:43:47', 1, NULL, '2025-03-01 00:43:47', '2025-03-01 00:43:47'),
(280, 4, 1, 'In', 130, NULL, '2025-03-01 06:54:24', 1, NULL, '2025-03-01 00:54:24', '2025-03-01 00:54:24'),
(281, 15, 1, 'In', 130, NULL, '2025-03-01 06:54:24', 1, NULL, '2025-03-01 00:54:24', '2025-03-01 00:54:24'),
(282, 9, 1, 'In', 131, NULL, '2025-03-01 06:56:14', 1, NULL, '2025-03-01 00:56:14', '2025-03-01 00:56:14'),
(283, 16, 1, 'In', 131, NULL, '2025-03-01 06:56:14', 1, NULL, '2025-03-01 00:56:14', '2025-03-01 00:56:14'),
(284, 27, 1, 'In', 131, NULL, '2025-03-01 06:56:14', 1, NULL, '2025-03-01 00:56:14', '2025-03-01 00:56:14'),
(285, 1, 2, 'In', 132, NULL, '2025-03-01 17:07:20', 1, NULL, '2025-03-01 11:07:20', '2025-03-01 11:07:20'),
(286, 2, 3, 'In', 132, NULL, '2025-03-01 17:07:20', 1, NULL, '2025-03-01 11:07:20', '2025-03-01 11:07:20'),
(287, 6, 1, 'In', 132, NULL, '2025-03-01 17:07:20', 1, NULL, '2025-03-01 11:07:20', '2025-03-01 11:07:20'),
(288, 3, 2, 'In', 132, NULL, '2025-03-01 17:07:20', 1, NULL, '2025-03-01 11:07:20', '2025-03-01 11:07:20'),
(289, 7, 1, 'In', 132, NULL, '2025-03-01 17:07:20', 1, NULL, '2025-03-01 11:07:20', '2025-03-01 11:07:20'),
(290, 3, 1, 'In', 133, NULL, '2025-04-27 15:34:54', 1, NULL, '2025-04-27 09:34:54', '2025-04-27 09:34:54');

-- --------------------------------------------------------

--
-- Table structure for table `stock_msts`
--

CREATE TABLE `stock_msts` (
  `id` int(11) NOT NULL,
  `product_v_id` int(10) UNSIGNED DEFAULT NULL,
  `quantity` int(11) NOT NULL,
  `last_updated` timestamp NOT NULL DEFAULT current_timestamp() ON UPDATE current_timestamp(),
  `created_by` int(11) DEFAULT NULL,
  `updated_by` int(11) DEFAULT NULL,
  `created_at` timestamp NOT NULL DEFAULT current_timestamp(),
  `updated_at` timestamp NULL DEFAULT NULL
) ENGINE=InnoDB DEFAULT CHARSET=utf8 COLLATE=utf8_unicode_ci;

-- --------------------------------------------------------

--
-- Table structure for table `suppliers`
--

CREATE TABLE `suppliers` (
  `id` int(11) UNSIGNED NOT NULL,
  `name` varchar(255) NOT NULL,
  `contact_person` varchar(255) NOT NULL,
  `email` varchar(255) DEFAULT NULL,
  `phone` varchar(20) NOT NULL,
  `address` text NOT NULL,
  `status` tinyint(4) NOT NULL DEFAULT 1,
  `created_by` int(11) DEFAULT NULL,
  `updated_by` int(11) DEFAULT NULL,
  `created_at` timestamp NOT NULL DEFAULT current_timestamp(),
  `updated_at` timestamp NULL DEFAULT NULL
) ENGINE=InnoDB DEFAULT CHARSET=utf8 COLLATE=utf8_unicode_ci;

--
-- Dumping data for table `suppliers`
--

INSERT INTO `suppliers` (`id`, `name`, `contact_person`, `email`, `phone`, `address`, `status`, `created_by`, `updated_by`, `created_at`, `updated_at`) VALUES
(1, 'Supplier A', 'জন ডো', 'john.doe@example.com', '1234567890', '123 Main Street, City, Country', 1, NULL, NULL, '2024-06-09 16:36:33', '2024-06-09 11:07:18'),
(2, 'Supplier B', 'জেন স্মিথ', 'jane.smith@example.com', '0987654321', '456 Elm Street, City, Country', 1, NULL, NULL, '2024-06-09 16:36:33', NULL),
(3, 'Supplier C', 'মাইকেল জনসন', 'michael.johnson@example.com', '9876543210', '789 Oak Street, City, Country', 1, NULL, NULL, '2024-06-09 16:36:33', NULL),
(4, 'Supplier D', 'এমিলি ব্রাউন', 'emily.brown@example.com', '0123456789', '321 Pine Street, City, Country', 1, NULL, NULL, '2024-06-09 16:36:33', NULL),
(5, 'Supplier E', 'ড্যানিয়েল উইলসন', 'daniel.wilson@example.com', '1357924680', '654 Maple Street, City, Country', 1, NULL, NULL, '2024-06-09 16:36:33', NULL),
(6, 'Supplier F', 'অলিভিয়া টেইলর', 'olivia.taylor@example.com', '2468013579', '987 Cedar Street, City, Country', 1, NULL, NULL, '2024-06-09 16:36:33', NULL),
(7, 'Supplier G', 'উইলিয়াম মার্টিনেজ', 'william.martinez@example.com', '3698521470', '159 Birch Street, City, Country', 1, NULL, NULL, '2024-06-09 16:36:33', NULL),
(8, 'Supplier H', 'সোফিয়া অ্যান্ডারসন', 'sophia.anderson@example.com', '2583691470', '357 Walnut Street, City, Country', 1, NULL, NULL, '2024-06-09 16:36:33', NULL),
(9, 'Supplier I', 'জেমস জ্যাকসন', 'james.jackson@example.com', '1472583690', '753 Hickory Street, City, Country', 1, NULL, NULL, '2024-06-09 16:36:33', NULL),
(10, 'Supplier J', 'শার্লট হোয়াইট', 'charlotte.white@example.com', '3691472580', '951 Spruce Street, City, Country', 1, NULL, NULL, '2024-06-09 16:36:33', NULL),
(11, 'Supplier K', 'বেনজামিন হ্যারিস', 'benjamin.harris@example.com', '1239874560', '159 Cherry Street, City, Country', 1, NULL, NULL, '2024-06-09 16:36:33', NULL),
(12, 'Supplier L', 'এমা মার্টিন', 'emma.martin@example.com', '9876543211', '357 Grape Street, City, Country', 1, NULL, NULL, '2024-06-09 16:36:33', NULL),
(13, 'Supplier M', 'ম্যাসন থম্পসন', 'mason.thompson@example.com', '3216549870', '753 Orange Street, City, Country', 1, NULL, NULL, '2024-06-09 16:36:33', NULL),
(14, 'Supplier N', 'আমেলিয়া গার্সিয়া', 'amelia.garcia@example.com', '6549873210', '951 Lemon Street, City, Country', 1, NULL, NULL, '2024-06-09 16:36:33', NULL),
(15, 'Supplier O', 'ইথান মার্টিনেজ', 'ethan.martinez@example.com', '4561237890', '159 Banana Street, City, Country', 1, NULL, NULL, '2024-06-09 16:36:33', NULL),
(16, 'Supplier P', 'ইসাবেলা রবিনসন', 'isabella.robinson@example.com', '7893216540', '357 Peach Street, City, Country', 1, NULL, NULL, '2024-06-09 16:36:33', NULL),
(17, 'Supplier Q', 'আলেকজান্ডার ক্লার্ক', 'alexander.clark@example.com', '8529631470', '753 Plum Street, City, Country', 1, NULL, NULL, '2024-06-09 16:36:33', NULL),
(18, 'Supplier R', 'এভা রদ্রিগেজ', 'ava.rodriguez@example.com', '1597532468', '951 Pear Street, City, Country', 1, NULL, NULL, '2024-06-09 16:36:33', NULL),
(19, 'Supplier S', 'লিয়াম লুইস', 'liam.lewis@example.com', '3698527410', '159 Mango Street, City, Country', 1, NULL, NULL, '2024-06-09 16:36:33', NULL),
(20, 'Supplier T', 'মিয়া লি', 'mia.lee@example.com', '7539518520', '357 Apple Street, City, Country', 1, NULL, NULL, '2024-06-09 16:36:33', NULL);

-- --------------------------------------------------------

--
-- Table structure for table `tags`
--

CREATE TABLE `tags` (
  `id` int(10) UNSIGNED NOT NULL,
  `name` varchar(100) NOT NULL,
  `created_at` timestamp NOT NULL DEFAULT current_timestamp(),
  `updated_at` timestamp NOT NULL DEFAULT current_timestamp() ON UPDATE current_timestamp(),
  `status` tinyint(1) DEFAULT 1
) ENGINE=InnoDB DEFAULT CHARSET=utf8mb4 COLLATE=utf8mb4_unicode_ci;

--
-- Dumping data for table `tags`
--

INSERT INTO `tags` (`id`, `name`, `created_at`, `updated_at`, `status`) VALUES
(1, 'Electronics', '2025-03-12 07:12:17', '2025-03-12 07:12:17', 1),
(2, 'Fashion', '2025-03-12 07:12:17', '2025-03-12 07:12:17', 1),
(3, 'Home & Kitchen', '2025-03-12 07:12:17', '2025-03-12 07:12:17', 1),
(4, 'Beauty & Personal Care', '2025-03-12 07:12:17', '2025-03-12 07:12:17', 1),
(5, 'Sports & Outdoors', '2025-03-12 07:12:17', '2025-03-12 07:12:17', 1),
(6, 'Books', '2025-03-12 07:12:17', '2025-03-12 07:12:17', 1),
(7, 'Toys & Games', '2025-03-12 07:12:17', '2025-03-12 07:12:17', 1),
(8, 'Health & Wellness', '2025-03-12 07:12:17', '2025-03-12 07:12:17', 1),
(9, 'Automotive', '2025-03-12 07:12:17', '2025-03-12 07:12:17', 1),
(10, 'Gadgets', '2025-03-12 07:12:17', '2025-03-12 07:12:17', 1),
(11, 'Mobile Accessories', '2025-03-12 07:12:17', '2025-03-12 07:12:17', 1),
(12, 'Gaming', '2025-03-12 07:12:17', '2025-03-12 07:12:17', 1),
(13, 'Furniture', '2025-03-12 07:12:17', '2025-03-12 07:12:17', 1),
(14, 'Clothing', '2025-03-12 07:12:17', '2025-03-12 07:12:17', 1),
(15, 'Shoes', '2025-03-12 07:12:17', '2025-03-12 07:12:17', 1),
(16, 'Watches', '2025-03-12 07:12:17', '2025-03-12 07:12:17', 1),
(17, 'Jewelry', '2025-03-12 07:12:17', '2025-03-12 07:12:17', 1),
(18, 'Fitness', '2025-03-12 07:12:17', '2025-03-12 07:12:17', 1),
(19, 'Smart Home', '2025-03-12 07:12:17', '2025-03-12 07:12:17', 1),
(20, 'Office Supplies', '2025-03-12 07:12:17', '2025-03-12 07:12:17', 1),
(21, 'Laptops', '2025-03-12 07:12:17', '2025-03-12 07:12:17', 1),
(22, 'Tablets', '2025-03-12 07:12:17', '2025-03-12 07:12:17', 1),
(23, 'Cameras', '2025-03-12 07:12:17', '2025-03-12 07:12:17', 1),
(24, 'Headphones', '2025-03-12 07:12:17', '2025-03-12 07:12:17', 1),
(25, 'Speakers', '2025-03-12 07:12:17', '2025-03-12 07:12:17', 1),
(26, 'Power Banks', '2025-03-12 07:12:17', '2025-03-12 07:12:17', 1),
(27, 'Smartphones', '2025-03-12 07:12:17', '2025-03-12 07:12:17', 1),
(28, 'Drones', '2025-03-12 07:12:17', '2025-03-12 07:12:17', 1),
(29, 'Wearable Tech', '2025-03-12 07:12:17', '2025-03-12 07:12:17', 1),
(30, 'VR & AR', '2025-03-12 07:12:17', '2025-03-12 07:12:17', 1),
(31, 'Bags & Luggage', '2025-03-12 07:12:17', '2025-03-12 07:12:17', 1),
(32, 'Sunglasses', '2025-03-12 07:12:17', '2025-03-12 07:12:17', 1),
(33, 'Perfumes', '2025-03-12 07:12:17', '2025-03-12 07:12:17', 1),
(34, 'Skincare', '2025-03-12 07:12:17', '2025-03-12 07:12:17', 1),
(35, 'Haircare', '2025-03-12 07:12:17', '2025-03-12 07:12:17', 1),
(36, 'Makeup', '2025-03-12 07:12:17', '2025-03-12 07:12:17', 1),
(37, 'Baby Products', '2025-03-12 07:12:17', '2025-03-12 07:12:17', 1),
(38, 'Pet Supplies', '2025-03-12 07:12:17', '2025-03-12 07:12:17', 1),
(39, 'Cycling', '2025-03-12 07:12:17', '2025-03-12 07:12:17', 1),
(40, 'Camping & Hiking', '2025-03-12 07:12:17', '2025-03-12 07:12:17', 1),
(41, 'Fishing', '2025-03-12 07:12:17', '2025-03-12 07:12:17', 1),
(42, 'Musical Instruments', '2025-03-12 07:12:17', '2025-03-12 07:12:17', 1),
(43, 'Groceries', '2025-03-12 07:12:17', '2025-03-12 07:12:17', 1),
(44, 'Organic Products', '2025-03-12 07:12:17', '2025-03-12 07:12:17', 1),
(45, 'Handmade Crafts', '2025-03-12 07:12:17', '2025-03-12 07:12:17', 1),
(46, 'Men\'s Clothing', '2025-03-12 07:12:17', '2025-03-12 07:12:17', 1),
(47, 'Women\'s Clothing', '2025-03-12 07:12:17', '2025-03-12 07:12:17', 1),
(48, 'Kids\' Clothing', '2025-03-12 07:12:17', '2025-03-12 07:12:17', 1),
(49, 'Luxury Items', '2025-03-12 07:12:17', '2025-03-12 07:12:17', 1),
(50, 'Travel Essentials', '2025-03-12 07:12:17', '2025-03-12 07:12:17', 1),
(51, 'Car Accessories', '2025-03-12 07:12:17', '2025-03-12 07:12:17', 1),
(52, 'Bike Accessories', '2025-03-12 07:12:17', '2025-03-12 07:12:17', 1),
(53, 'DIY & Tools', '2025-03-12 07:12:17', '2025-03-12 07:12:17', 1),
(54, 'Home Decor', '2025-03-12 07:12:17', '2025-03-12 07:12:17', 1),
(55, 'Kitchen Appliances', '2025-03-12 07:12:17', '2025-03-12 07:12:17', 1),
(56, 'Garden & Outdoor', '2025-03-12 07:12:17', '2025-03-12 07:12:17', 1),
(57, 'Lighting', '2025-03-12 07:12:17', '2025-03-12 07:12:17', 1),
(58, 'Networking Devices', '2025-03-12 07:12:17', '2025-03-12 07:12:17', 1),
(59, 'Security Systems', '2025-03-12 07:12:17', '2025-03-12 07:12:17', 1),
(60, 'Stationery', '2025-03-12 07:12:17', '2025-03-12 07:12:17', 1),
(61, 'Art & Craft Supplies', '2025-03-12 07:12:17', '2025-03-12 07:12:17', 1),
(62, 'Industrial Equipment', '2025-03-12 07:12:17', '2025-03-12 07:12:17', 1),
(63, 'Medical Supplies', '2025-03-12 07:12:17', '2025-03-12 07:12:17', 1),
(64, 'E-Learning', '2025-03-12 07:12:17', '2025-03-12 07:12:17', 1),
(65, 'Streaming Services', '2025-03-12 07:12:17', '2025-03-12 07:12:17', 1),
(66, 'Subscription Boxes', '2025-03-12 07:12:17', '2025-03-12 07:12:17', 1),
(68, 'abdullah 002', '2025-03-15 03:50:35', '2025-03-15 03:53:21', 1);

-- --------------------------------------------------------

--
-- Table structure for table `taxes`
--

CREATE TABLE `taxes` (
  `id` int(10) NOT NULL,
  `order_id` int(10) UNSIGNED NOT NULL,
  `tax_name` varchar(100) NOT NULL,
  `tax_rate` decimal(5,2) NOT NULL,
  `tax_amount` decimal(12,2) NOT NULL
) ENGINE=InnoDB DEFAULT CHARSET=utf8 COLLATE=utf8_unicode_ci;

-- --------------------------------------------------------

--
-- Table structure for table `users`
--

CREATE TABLE `users` (
  `id` bigint(20) UNSIGNED NOT NULL,
  `uid` varchar(100) DEFAULT NULL,
  `name` varchar(255) NOT NULL,
  `email` varchar(255) DEFAULT NULL,
  `phone` varchar(15) DEFAULT NULL,
  `email_verified_at` timestamp NULL DEFAULT NULL,
  `password` varchar(255) NOT NULL,
  `remember_token` varchar(100) DEFAULT NULL,
  `created_at` timestamp NULL DEFAULT NULL,
  `updated_at` timestamp NULL DEFAULT NULL,
  `user_type` int(1) DEFAULT NULL,
  `active_status` int(1) DEFAULT NULL
) ENGINE=InnoDB DEFAULT CHARSET=utf8mb4 COLLATE=utf8mb4_unicode_ci;

--
-- Dumping data for table `users`
--

INSERT INTO `users` (`id`, `uid`, `name`, `email`, `phone`, `email_verified_at`, `password`, `remember_token`, `created_at`, `updated_at`, `user_type`, `active_status`) VALUES
(1, 'M70001', 'admin', 'admin@gmail.com', NULL, NULL, '$2y$12$VdnFxCmVIqkUUYNbEso7T.ELrnpPna2uMLWzRkN4COcQaA1JdSxee', 'd51eLpcnKmhT40T6HPRU3ohqrjUUwwJJV2z56dcRXFgRlspVhZp4MqD9DB1p', '2024-05-05 10:02:53', '2024-05-05 10:02:53', NULL, NULL),
(3, NULL, 'Ali', 'ali@gmail.com', NULL, NULL, '$2y$12$sQ50mylmntNE.Gaawa2i0.yTrTE1q16LbyiY6YaSlQICIJzRcTu5S', NULL, '2024-12-07 11:37:16', '2024-12-07 11:37:16', 2, NULL),
(4, NULL, 'Jakir Hossain', 'jakir@gmail.com', '01849378511', NULL, '$2y$12$Lsd17V20RQgmIhGse3YRoels1WSFBaYWHJTgezem4saIoGD5gSozm', 'GGsNQAkfziYrJVS1IkxYI6iWNIKGYVLPG8ExCbuOv6XerqwK662INCSK4xoq', '2024-12-08 10:01:33', '2024-12-08 10:01:33', 2, NULL),
(5, NULL, 'Jakir Hossain', 'ali511@gmail.com', '01849378541', NULL, '$2y$12$fHddRoa5026UpWNHp5gj/eaanxfv1nVgsZqZwfuFrt5Y6EEUHnvaK', 'HKyUL4PX8dBG2s8C95MxPyYjKWRCGs2wHnsfMbwqQRJzpg7QbDGoil6y9LJ6', '2024-12-08 10:24:31', '2024-12-08 10:24:31', 2, NULL),
(6, NULL, 'Mohammad Ferdous', NULL, '01720085127', NULL, '$2y$12$N.qs9mxzIMw0Bv06Gnmskugo4evBGYtK8aaMnugJsvoz.DjqAJz3K', '8y0eLd2wMXPQJWMuE342jDuBJFugeokYO1zXpfUdM3ml77o9ovsUS5C0L2CG', '2025-01-24 09:51:30', '2025-01-24 09:51:30', 2, NULL),
(7, NULL, 'Shohag vai', NULL, '01619000214', NULL, '$2y$12$NlgrPYp5mpLYqt2jtQVqAeqnBbzaisllW77EzDZLizMHw3atVaLlO', NULL, '2025-02-22 10:59:13', '2025-02-22 10:59:13', 2, NULL),
(8, NULL, 'Shohag vai', NULL, '01619000215', NULL, '$2y$12$MCuS1ZZrzhRyKPyQxpov7.ar1s89FYhGjQo1OZ087dywPsrnW2bce', NULL, '2025-02-22 11:01:17', '2025-02-22 11:01:17', 2, NULL);

-- --------------------------------------------------------

--
-- Table structure for table `user_activity`
--

CREATE TABLE `user_activity` (
  `id` int(11) NOT NULL,
  `customer_id` int(10) UNSIGNED NOT NULL,
  `action` varchar(255) NOT NULL,
  `action_date` timestamp NOT NULL DEFAULT current_timestamp()
) ENGINE=InnoDB DEFAULT CHARSET=utf8 COLLATE=utf8_unicode_ci;

--
-- Indexes for dumped tables
--

--
-- Indexes for table `attributes`
--
ALTER TABLE `attributes`
  ADD PRIMARY KEY (`id`);

--
-- Indexes for table `attribute_values`
--
ALTER TABLE `attribute_values`
  ADD PRIMARY KEY (`id`),
  ADD KEY `attribute_id` (`attribute_id`);

--
-- Indexes for table `authors`
--
ALTER TABLE `authors`
  ADD PRIMARY KEY (`id`);

--
-- Indexes for table `brands`
--
ALTER TABLE `brands`
  ADD PRIMARY KEY (`id`);

--
-- Indexes for table `cache`
--
ALTER TABLE `cache`
  ADD PRIMARY KEY (`key`);

--
-- Indexes for table `cache_locks`
--
ALTER TABLE `cache_locks`
  ADD PRIMARY KEY (`key`);

--
-- Indexes for table `categories`
--
ALTER TABLE `categories`
  ADD PRIMARY KEY (`id`);

--
-- Indexes for table `customers`
--
ALTER TABLE `customers`
  ADD PRIMARY KEY (`id`),
  ADD KEY `customer_group_id` (`customer_group_id`);

--
-- Indexes for table `customer_groups`
--
ALTER TABLE `customer_groups`
  ADD PRIMARY KEY (`id`);

--
-- Indexes for table `discounts`
--
ALTER TABLE `discounts`
  ADD PRIMARY KEY (`id`),
  ADD UNIQUE KEY `code` (`code`);

--
-- Indexes for table `failed_jobs`
--
ALTER TABLE `failed_jobs`
  ADD PRIMARY KEY (`id`),
  ADD UNIQUE KEY `failed_jobs_uuid_unique` (`uuid`);

--
-- Indexes for table `hr_departments`
--
ALTER TABLE `hr_departments`
  ADD PRIMARY KEY (`id`);

--
-- Indexes for table `hr_employees`
--
ALTER TABLE `hr_employees`
  ADD PRIMARY KEY (`id`),
  ADD UNIQUE KEY `email` (`email`),
  ADD KEY `hr_employees_ibfk_1` (`department_id`),
  ADD KEY `hr_employees_ibfk_2` (`job_title_id`),
  ADD KEY `hr_employees_ibfk_3` (`position_id`);

--
-- Indexes for table `hr_job_titles`
--
ALTER TABLE `hr_job_titles`
  ADD PRIMARY KEY (`id`);

--
-- Indexes for table `hr_positions`
--
ALTER TABLE `hr_positions`
  ADD PRIMARY KEY (`id`);

--
-- Indexes for table `jobs`
--
ALTER TABLE `jobs`
  ADD PRIMARY KEY (`id`),
  ADD KEY `jobs_queue_index` (`queue`);

--
-- Indexes for table `job_batches`
--
ALTER TABLE `job_batches`
  ADD PRIMARY KEY (`id`);

--
-- Indexes for table `migrations`
--
ALTER TABLE `migrations`
  ADD PRIMARY KEY (`id`);

--
-- Indexes for table `orders`
--
ALTER TABLE `orders`
  ADD PRIMARY KEY (`id`),
  ADD UNIQUE KEY `order_no` (`order_no`),
  ADD KEY `orders_ibfk_1` (`customer_id`);

--
-- Indexes for table `order_details`
--
ALTER TABLE `order_details`
  ADD PRIMARY KEY (`id`),
  ADD KEY `order_id` (`order_id`),
  ADD KEY `product_id` (`product_id`);

--
-- Indexes for table `order_tracking`
--
ALTER TABLE `order_tracking`
  ADD PRIMARY KEY (`id`),
  ADD KEY `order_id` (`order_id`);

--
-- Indexes for table `password_reset_tokens`
--
ALTER TABLE `password_reset_tokens`
  ADD PRIMARY KEY (`email`);

--
-- Indexes for table `payments`
--
ALTER TABLE `payments`
  ADD PRIMARY KEY (`id`),
  ADD KEY `payments_ibfk_1` (`order_id`),
  ADD KEY `payments_ibfk_2` (`purchase_id`);

--
-- Indexes for table `payment_methods`
--
ALTER TABLE `payment_methods`
  ADD PRIMARY KEY (`id`),
  ADD UNIQUE KEY `method_name` (`method_name`);

--
-- Indexes for table `products`
--
ALTER TABLE `products`
  ADD PRIMARY KEY (`id`),
  ADD UNIQUE KEY `isbn` (`isbn`),
  ADD UNIQUE KEY `barcode` (`barcode`),
  ADD KEY `fk_products_authors` (`author_id`),
  ADD KEY `fk_products_publishers` (`publisher_id`);

--
-- Indexes for table `product_attributes`
--
ALTER TABLE `product_attributes`
  ADD PRIMARY KEY (`id`),
  ADD KEY `product_id` (`product_id`),
  ADD KEY `attribute_value_id` (`attribute_value_id`);

--
-- Indexes for table `product_categories`
--
ALTER TABLE `product_categories`
  ADD PRIMARY KEY (`id`),
  ADD KEY `category_id` (`category_id`),
  ADD KEY `fk_product_categories_product` (`product_id`);

--
-- Indexes for table `product_group_prices`
--
ALTER TABLE `product_group_prices`
  ADD PRIMARY KEY (`id`),
  ADD KEY `product_id` (`product_id`);

--
-- Indexes for table `product_images`
--
ALTER TABLE `product_images`
  ADD PRIMARY KEY (`id`),
  ADD KEY `product_id` (`product_id`);

--
-- Indexes for table `product_specifications`
--
ALTER TABLE `product_specifications`
  ADD PRIMARY KEY (`id`),
  ADD KEY `product_id` (`product_id`),
  ADD KEY `specification_id` (`specification_id`);

--
-- Indexes for table `product_tags`
--
ALTER TABLE `product_tags`
  ADD PRIMARY KEY (`id`),
  ADD KEY `product_id` (`product_id`),
  ADD KEY `tag_id` (`tag_id`);

--
-- Indexes for table `product_variant_prices`
--
ALTER TABLE `product_variant_prices`
  ADD PRIMARY KEY (`id`),
  ADD KEY `product_id` (`product_id`);

--
-- Indexes for table `publishers`
--
ALTER TABLE `publishers`
  ADD PRIMARY KEY (`id`);

--
-- Indexes for table `purchases`
--
ALTER TABLE `purchases`
  ADD PRIMARY KEY (`id`),
  ADD UNIQUE KEY `purchase_no` (`purchase_no`),
  ADD KEY `purchases_ibfk_1` (`supplier_id`);

--
-- Indexes for table `purchase_details`
--
ALTER TABLE `purchase_details`
  ADD PRIMARY KEY (`id`),
  ADD KEY `purchase_id` (`purchase_id`),
  ADD KEY `product_id` (`product_id`);

--
-- Indexes for table `sale_chds`
--
ALTER TABLE `sale_chds`
  ADD PRIMARY KEY (`id`),
  ADD KEY `sale_chds_ibfk_1` (`product_v_id`),
  ADD KEY `sale_chds_ibfk_2` (`sale_mst_id`);

--
-- Indexes for table `sale_msts`
--
ALTER TABLE `sale_msts`
  ADD PRIMARY KEY (`id`),
  ADD UNIQUE KEY `sale_uid` (`sale_uid`),
  ADD KEY `sale_msts_ibfk_1` (`customer_id`);

--
-- Indexes for table `sa_email_setup`
--
ALTER TABLE `sa_email_setup`
  ADD PRIMARY KEY (`id`);

--
-- Indexes for table `sa_organizations`
--
ALTER TABLE `sa_organizations`
  ADD PRIMARY KEY (`id`);

--
-- Indexes for table `sessions`
--
ALTER TABLE `sessions`
  ADD PRIMARY KEY (`id`),
  ADD KEY `sessions_user_id_index` (`user_id`),
  ADD KEY `sessions_last_activity_index` (`last_activity`);

--
-- Indexes for table `specifications`
--
ALTER TABLE `specifications`
  ADD PRIMARY KEY (`id`);

--
-- Indexes for table `stocks`
--
ALTER TABLE `stocks`
  ADD PRIMARY KEY (`id`),
  ADD UNIQUE KEY `product_id` (`product_id`);

--
-- Indexes for table `stock_chds`
--
ALTER TABLE `stock_chds`
  ADD PRIMARY KEY (`id`),
  ADD KEY `stock_chds_ibfk_1` (`product_v_id`);

--
-- Indexes for table `stock_movements`
--
ALTER TABLE `stock_movements`
  ADD PRIMARY KEY (`id`),
  ADD KEY `stock_movements_ibfk_1` (`product_id`);

--
-- Indexes for table `stock_msts`
--
ALTER TABLE `stock_msts`
  ADD PRIMARY KEY (`id`),
  ADD UNIQUE KEY `product_v_id` (`product_v_id`);

--
-- Indexes for table `suppliers`
--
ALTER TABLE `suppliers`
  ADD PRIMARY KEY (`id`),
  ADD UNIQUE KEY `phone` (`phone`);

--
-- Indexes for table `tags`
--
ALTER TABLE `tags`
  ADD PRIMARY KEY (`id`),
  ADD UNIQUE KEY `name` (`name`);

--
-- Indexes for table `taxes`
--
ALTER TABLE `taxes`
  ADD PRIMARY KEY (`id`),
  ADD KEY `order_id` (`order_id`);

--
-- Indexes for table `users`
--
ALTER TABLE `users`
  ADD PRIMARY KEY (`id`),
  ADD UNIQUE KEY `users_email_unique` (`email`),
  ADD UNIQUE KEY `phone` (`phone`);

--
-- Indexes for table `user_activity`
--
ALTER TABLE `user_activity`
  ADD PRIMARY KEY (`id`),
  ADD KEY `customer_id` (`customer_id`);

--
-- AUTO_INCREMENT for dumped tables
--

--
-- AUTO_INCREMENT for table `attributes`
--
ALTER TABLE `attributes`
  MODIFY `id` int(10) UNSIGNED NOT NULL AUTO_INCREMENT, AUTO_INCREMENT=35;

--
-- AUTO_INCREMENT for table `attribute_values`
--
ALTER TABLE `attribute_values`
  MODIFY `id` int(10) UNSIGNED NOT NULL AUTO_INCREMENT, AUTO_INCREMENT=151;

--
-- AUTO_INCREMENT for table `authors`
--
ALTER TABLE `authors`
  MODIFY `id` int(10) UNSIGNED NOT NULL AUTO_INCREMENT, AUTO_INCREMENT=53;

--
-- AUTO_INCREMENT for table `brands`
--
ALTER TABLE `brands`
  MODIFY `id` int(10) UNSIGNED NOT NULL AUTO_INCREMENT, AUTO_INCREMENT=9;

--
-- AUTO_INCREMENT for table `categories`
--
ALTER TABLE `categories`
  MODIFY `id` int(10) UNSIGNED NOT NULL AUTO_INCREMENT, AUTO_INCREMENT=59;

--
-- AUTO_INCREMENT for table `customers`
--
ALTER TABLE `customers`
  MODIFY `id` int(10) UNSIGNED NOT NULL AUTO_INCREMENT, AUTO_INCREMENT=71;

--
-- AUTO_INCREMENT for table `customer_groups`
--
ALTER TABLE `customer_groups`
  MODIFY `id` int(10) UNSIGNED NOT NULL AUTO_INCREMENT, AUTO_INCREMENT=7;

--
-- AUTO_INCREMENT for table `discounts`
--
ALTER TABLE `discounts`
  MODIFY `id` int(11) NOT NULL AUTO_INCREMENT;

--
-- AUTO_INCREMENT for table `failed_jobs`
--
ALTER TABLE `failed_jobs`
  MODIFY `id` bigint(20) UNSIGNED NOT NULL AUTO_INCREMENT;

--
-- AUTO_INCREMENT for table `hr_departments`
--
ALTER TABLE `hr_departments`
  MODIFY `id` int(11) UNSIGNED NOT NULL AUTO_INCREMENT, AUTO_INCREMENT=11;

--
-- AUTO_INCREMENT for table `hr_employees`
--
ALTER TABLE `hr_employees`
  MODIFY `id` int(11) UNSIGNED NOT NULL AUTO_INCREMENT, AUTO_INCREMENT=82;

--
-- AUTO_INCREMENT for table `hr_job_titles`
--
ALTER TABLE `hr_job_titles`
  MODIFY `id` int(11) UNSIGNED NOT NULL AUTO_INCREMENT, AUTO_INCREMENT=11;

--
-- AUTO_INCREMENT for table `hr_positions`
--
ALTER TABLE `hr_positions`
  MODIFY `id` int(11) UNSIGNED NOT NULL AUTO_INCREMENT, AUTO_INCREMENT=11;

--
-- AUTO_INCREMENT for table `jobs`
--
ALTER TABLE `jobs`
  MODIFY `id` bigint(20) UNSIGNED NOT NULL AUTO_INCREMENT;

--
-- AUTO_INCREMENT for table `migrations`
--
ALTER TABLE `migrations`
  MODIFY `id` int(10) UNSIGNED NOT NULL AUTO_INCREMENT, AUTO_INCREMENT=4;

--
-- AUTO_INCREMENT for table `orders`
--
ALTER TABLE `orders`
  MODIFY `id` int(10) UNSIGNED NOT NULL AUTO_INCREMENT, AUTO_INCREMENT=134;

--
-- AUTO_INCREMENT for table `order_details`
--
ALTER TABLE `order_details`
  MODIFY `id` int(10) UNSIGNED NOT NULL AUTO_INCREMENT, AUTO_INCREMENT=486;

--
-- AUTO_INCREMENT for table `order_tracking`
--
ALTER TABLE `order_tracking`
  MODIFY `id` int(11) NOT NULL AUTO_INCREMENT, AUTO_INCREMENT=54;

--
-- AUTO_INCREMENT for table `payments`
--
ALTER TABLE `payments`
  MODIFY `id` int(11) NOT NULL AUTO_INCREMENT, AUTO_INCREMENT=113;

--
-- AUTO_INCREMENT for table `payment_methods`
--
ALTER TABLE `payment_methods`
  MODIFY `id` int(11) NOT NULL AUTO_INCREMENT, AUTO_INCREMENT=5;

--
-- AUTO_INCREMENT for table `products`
--
ALTER TABLE `products`
  MODIFY `id` int(10) UNSIGNED NOT NULL AUTO_INCREMENT, AUTO_INCREMENT=31;

--
-- AUTO_INCREMENT for table `product_attributes`
--
ALTER TABLE `product_attributes`
  MODIFY `id` int(10) UNSIGNED NOT NULL AUTO_INCREMENT, AUTO_INCREMENT=32;

--
-- AUTO_INCREMENT for table `product_categories`
--
ALTER TABLE `product_categories`
  MODIFY `id` int(10) UNSIGNED NOT NULL AUTO_INCREMENT, AUTO_INCREMENT=32;

--
-- AUTO_INCREMENT for table `product_group_prices`
--
ALTER TABLE `product_group_prices`
  MODIFY `id` int(10) UNSIGNED NOT NULL AUTO_INCREMENT;

--
-- AUTO_INCREMENT for table `product_images`
--
ALTER TABLE `product_images`
  MODIFY `id` int(10) UNSIGNED NOT NULL AUTO_INCREMENT, AUTO_INCREMENT=71;

--
-- AUTO_INCREMENT for table `product_specifications`
--
ALTER TABLE `product_specifications`
  MODIFY `id` int(10) UNSIGNED NOT NULL AUTO_INCREMENT, AUTO_INCREMENT=24;

--
-- AUTO_INCREMENT for table `product_tags`
--
ALTER TABLE `product_tags`
  MODIFY `id` int(10) UNSIGNED NOT NULL AUTO_INCREMENT;

--
-- AUTO_INCREMENT for table `product_variant_prices`
--
ALTER TABLE `product_variant_prices`
  MODIFY `id` int(10) UNSIGNED NOT NULL AUTO_INCREMENT, AUTO_INCREMENT=16;

--
-- AUTO_INCREMENT for table `publishers`
--
ALTER TABLE `publishers`
  MODIFY `id` int(11) UNSIGNED NOT NULL AUTO_INCREMENT, AUTO_INCREMENT=26;

--
-- AUTO_INCREMENT for table `purchases`
--
ALTER TABLE `purchases`
  MODIFY `id` int(10) UNSIGNED NOT NULL AUTO_INCREMENT, AUTO_INCREMENT=11;

--
-- AUTO_INCREMENT for table `purchase_details`
--
ALTER TABLE `purchase_details`
  MODIFY `id` int(10) UNSIGNED NOT NULL AUTO_INCREMENT, AUTO_INCREMENT=21;

--
-- AUTO_INCREMENT for table `sale_chds`
--
ALTER TABLE `sale_chds`
  MODIFY `id` int(11) UNSIGNED NOT NULL AUTO_INCREMENT, AUTO_INCREMENT=136;

--
-- AUTO_INCREMENT for table `sale_msts`
--
ALTER TABLE `sale_msts`
  MODIFY `id` int(11) UNSIGNED NOT NULL AUTO_INCREMENT, AUTO_INCREMENT=50;

--
-- AUTO_INCREMENT for table `sa_email_setup`
--
ALTER TABLE `sa_email_setup`
  MODIFY `id` bigint(20) UNSIGNED NOT NULL AUTO_INCREMENT, AUTO_INCREMENT=2;

--
-- AUTO_INCREMENT for table `sa_organizations`
--
ALTER TABLE `sa_organizations`
  MODIFY `id` bigint(20) UNSIGNED NOT NULL AUTO_INCREMENT, AUTO_INCREMENT=10;

--
-- AUTO_INCREMENT for table `specifications`
--
ALTER TABLE `specifications`
  MODIFY `id` int(10) UNSIGNED NOT NULL AUTO_INCREMENT, AUTO_INCREMENT=108;

--
-- AUTO_INCREMENT for table `stocks`
--
ALTER TABLE `stocks`
  MODIFY `id` int(11) NOT NULL AUTO_INCREMENT, AUTO_INCREMENT=31;

--
-- AUTO_INCREMENT for table `stock_chds`
--
ALTER TABLE `stock_chds`
  MODIFY `id` int(11) NOT NULL AUTO_INCREMENT, AUTO_INCREMENT=159;

--
-- AUTO_INCREMENT for table `stock_movements`
--
ALTER TABLE `stock_movements`
  MODIFY `id` int(11) NOT NULL AUTO_INCREMENT, AUTO_INCREMENT=291;

--
-- AUTO_INCREMENT for table `stock_msts`
--
ALTER TABLE `stock_msts`
  MODIFY `id` int(11) NOT NULL AUTO_INCREMENT, AUTO_INCREMENT=16;

--
-- AUTO_INCREMENT for table `suppliers`
--
ALTER TABLE `suppliers`
  MODIFY `id` int(11) UNSIGNED NOT NULL AUTO_INCREMENT, AUTO_INCREMENT=21;

--
-- AUTO_INCREMENT for table `tags`
--
ALTER TABLE `tags`
  MODIFY `id` int(10) UNSIGNED NOT NULL AUTO_INCREMENT, AUTO_INCREMENT=69;

--
-- AUTO_INCREMENT for table `taxes`
--
ALTER TABLE `taxes`
  MODIFY `id` int(10) NOT NULL AUTO_INCREMENT;

--
-- AUTO_INCREMENT for table `users`
--
ALTER TABLE `users`
  MODIFY `id` bigint(20) UNSIGNED NOT NULL AUTO_INCREMENT, AUTO_INCREMENT=9;

--
-- AUTO_INCREMENT for table `user_activity`
--
ALTER TABLE `user_activity`
  MODIFY `id` int(11) NOT NULL AUTO_INCREMENT;

--
-- Constraints for dumped tables
--

--
-- Constraints for table `attribute_values`
--
ALTER TABLE `attribute_values`
  ADD CONSTRAINT `attribute_values_ibfk_1` FOREIGN KEY (`attribute_id`) REFERENCES `attributes` (`id`) ON DELETE CASCADE;

--
-- Constraints for table `customers`
--
ALTER TABLE `customers`
  ADD CONSTRAINT `fk_products_customer_group` FOREIGN KEY (`customer_group_id`) REFERENCES `customer_groups` (`id`);

--
-- Constraints for table `hr_employees`
--
ALTER TABLE `hr_employees`
  ADD CONSTRAINT `hr_employees_ibfk_1` FOREIGN KEY (`department_id`) REFERENCES `hr_departments` (`id`) ON DELETE CASCADE,
  ADD CONSTRAINT `hr_employees_ibfk_2` FOREIGN KEY (`job_title_id`) REFERENCES `hr_job_titles` (`id`) ON DELETE CASCADE,
  ADD CONSTRAINT `hr_employees_ibfk_3` FOREIGN KEY (`position_id`) REFERENCES `hr_positions` (`id`) ON DELETE CASCADE;

--
-- Constraints for table `orders`
--
ALTER TABLE `orders`
  ADD CONSTRAINT `orders_ibfk_1` FOREIGN KEY (`customer_id`) REFERENCES `customers` (`id`) ON DELETE CASCADE;

--
-- Constraints for table `order_details`
--
ALTER TABLE `order_details`
  ADD CONSTRAINT `order_details_ibfk_1` FOREIGN KEY (`order_id`) REFERENCES `orders` (`id`) ON DELETE CASCADE,
  ADD CONSTRAINT `order_details_ibfk_2` FOREIGN KEY (`product_id`) REFERENCES `products` (`id`) ON DELETE CASCADE;

--
-- Constraints for table `order_tracking`
--
ALTER TABLE `order_tracking`
  ADD CONSTRAINT `order_tracking_ibfk_1` FOREIGN KEY (`order_id`) REFERENCES `orders` (`id`) ON DELETE CASCADE;

--
-- Constraints for table `payments`
--
ALTER TABLE `payments`
  ADD CONSTRAINT `payments_ibfk_1` FOREIGN KEY (`order_id`) REFERENCES `orders` (`id`) ON DELETE CASCADE,
  ADD CONSTRAINT `payments_ibfk_2` FOREIGN KEY (`purchase_id`) REFERENCES `purchases` (`id`) ON DELETE CASCADE;

--
-- Constraints for table `products`
--
ALTER TABLE `products`
  ADD CONSTRAINT `fk_products_authors` FOREIGN KEY (`author_id`) REFERENCES `authors` (`id`) ON DELETE CASCADE ON UPDATE CASCADE,
  ADD CONSTRAINT `fk_products_publishers` FOREIGN KEY (`publisher_id`) REFERENCES `publishers` (`id`) ON DELETE CASCADE ON UPDATE CASCADE;

--
-- Constraints for table `product_attributes`
--
ALTER TABLE `product_attributes`
  ADD CONSTRAINT `product_attributes_ibfk_1` FOREIGN KEY (`product_id`) REFERENCES `products` (`id`) ON DELETE CASCADE,
  ADD CONSTRAINT `product_attributes_ibfk_2` FOREIGN KEY (`attribute_value_id`) REFERENCES `attribute_values` (`id`) ON DELETE CASCADE;

--
-- Constraints for table `product_categories`
--
ALTER TABLE `product_categories`
  ADD CONSTRAINT `fk_product_categories_category` FOREIGN KEY (`category_id`) REFERENCES `categories` (`id`),
  ADD CONSTRAINT `fk_product_categories_product` FOREIGN KEY (`product_id`) REFERENCES `products` (`id`);

--
-- Constraints for table `product_group_prices`
--
ALTER TABLE `product_group_prices`
  ADD CONSTRAINT `fk_product_group_prices_product` FOREIGN KEY (`product_id`) REFERENCES `products` (`id`);

--
-- Constraints for table `product_images`
--
ALTER TABLE `product_images`
  ADD CONSTRAINT `fk_images_product` FOREIGN KEY (`product_id`) REFERENCES `products` (`id`);

--
-- Constraints for table `product_specifications`
--
ALTER TABLE `product_specifications`
  ADD CONSTRAINT `product_specifications_ibfk_1` FOREIGN KEY (`product_id`) REFERENCES `products` (`id`) ON DELETE CASCADE,
  ADD CONSTRAINT `product_specifications_ibfk_2` FOREIGN KEY (`specification_id`) REFERENCES `specifications` (`id`) ON DELETE CASCADE;

--
-- Constraints for table `product_tags`
--
ALTER TABLE `product_tags`
  ADD CONSTRAINT `product_tags_ibfk_1` FOREIGN KEY (`product_id`) REFERENCES `products` (`id`) ON DELETE CASCADE,
  ADD CONSTRAINT `product_tags_ibfk_2` FOREIGN KEY (`tag_id`) REFERENCES `tags` (`id`) ON DELETE CASCADE;

--
-- Constraints for table `product_variant_prices`
--
ALTER TABLE `product_variant_prices`
  ADD CONSTRAINT `fk_product_variant_prices_product` FOREIGN KEY (`product_id`) REFERENCES `products` (`id`);

--
-- Constraints for table `purchases`
--
ALTER TABLE `purchases`
  ADD CONSTRAINT `purchases_ibfk_1` FOREIGN KEY (`supplier_id`) REFERENCES `suppliers` (`id`) ON DELETE CASCADE;

--
-- Constraints for table `purchase_details`
--
ALTER TABLE `purchase_details`
  ADD CONSTRAINT `purchase_details_ibfk_1` FOREIGN KEY (`purchase_id`) REFERENCES `purchases` (`id`) ON DELETE CASCADE,
  ADD CONSTRAINT `purchase_details_ibfk_2` FOREIGN KEY (`product_id`) REFERENCES `products` (`id`) ON DELETE CASCADE;

--
-- Constraints for table `sale_chds`
--
ALTER TABLE `sale_chds`
  ADD CONSTRAINT `sale_chds_ibfk_1` FOREIGN KEY (`product_v_id`) REFERENCES `product_variant_prices` (`id`) ON DELETE CASCADE ON UPDATE CASCADE,
  ADD CONSTRAINT `sale_chds_ibfk_2` FOREIGN KEY (`sale_mst_id`) REFERENCES `sale_msts` (`id`) ON DELETE CASCADE ON UPDATE CASCADE;

--
-- Constraints for table `sale_msts`
--
ALTER TABLE `sale_msts`
  ADD CONSTRAINT `sale_msts_ibfk_1` FOREIGN KEY (`customer_id`) REFERENCES `customers` (`id`);

--
-- Constraints for table `stocks`
--
ALTER TABLE `stocks`
  ADD CONSTRAINT `stocks_ibfk_1` FOREIGN KEY (`product_id`) REFERENCES `products` (`id`);

--
-- Constraints for table `stock_chds`
--
ALTER TABLE `stock_chds`
  ADD CONSTRAINT `stock_chds_ibfk_1` FOREIGN KEY (`product_v_id`) REFERENCES `product_variant_prices` (`id`);

--
-- Constraints for table `stock_movements`
--
ALTER TABLE `stock_movements`
  ADD CONSTRAINT `stock_movements_ibfk_1` FOREIGN KEY (`product_id`) REFERENCES `products` (`id`);

--
-- Constraints for table `stock_msts`
--
ALTER TABLE `stock_msts`
  ADD CONSTRAINT `stock_msts_ibfk_1` FOREIGN KEY (`product_v_id`) REFERENCES `product_variant_prices` (`id`);

--
-- Constraints for table `taxes`
--
ALTER TABLE `taxes`
  ADD CONSTRAINT `taxes_ibfk_1` FOREIGN KEY (`order_id`) REFERENCES `orders` (`id`) ON DELETE CASCADE;

--
-- Constraints for table `user_activity`
--
ALTER TABLE `user_activity`
  ADD CONSTRAINT `user_activity_ibfk_1` FOREIGN KEY (`customer_id`) REFERENCES `customers` (`id`) ON DELETE CASCADE;
COMMIT;

/*!40101 SET CHARACTER_SET_CLIENT=@OLD_CHARACTER_SET_CLIENT */;
/*!40101 SET CHARACTER_SET_RESULTS=@OLD_CHARACTER_SET_RESULTS */;
/*!40101 SET COLLATION_CONNECTION=@OLD_COLLATION_CONNECTION */;
